item,cate_1_name,cate_2_name,cate_3_name
蜜汁鸡腿超级碗,色拉轻食,健康餐,
（招牌）香料烤鸡胸健康餐,色拉轻食,健康餐,
低卡鸡胸肉减脂沙拉,色拉轻食,健康餐,
果木烟熏鸡胸超级碗,色拉轻食,健康餐,
香煎鸡胸肉蔬果沙拉,色拉轻食,健康餐,
超嫩的黑椒鸡胸肉鲜果沙拉,色拉轻食,健康餐,
「椒香柠檬烤鸡腿套餐」- 热辣之舞,色拉轻食,健康餐,
三文鱼甜虾健康海鲜波奇饭超级碗,色拉轻食,健康餐,
真牛肉⭐黑椒牛肉鸡胸健康沙拉,色拉轻食,健康餐,
【新店特惠】香煎原切牛排（眼肉）菌烤碗,色拉轻食,健康餐,
鞭炮笋（极小概率会有打捞的渔网线，不是异物，介意慎拍）,色拉轻食,健康餐,
【镇店断货王】神仙爆款!藤椒鸡腿肉沙拉,色拉轻食,健康餐,
【自选】男孩女孩健康操八拼套餐（送沙拉+双主食）,色拉轻食,健康餐,
【招牌】鸡胸肉肉双拼餐（主食自选,色拉轻食,健康餐,
【拱墅‘彭于晏’推荐】墨西哥小辣鸡【自选&双主食】----,色拉轻食,健康餐,
干饭魂！Rib Finger牛肋盖杂粮饭（巴177厂）,色拉轻食,健康餐,
顶流爆款·SUPER香煎鸡胸沙拉（必点）,色拉轻食,健康餐,
【招牌】黑胡椒鸡胸肉沙拉Salad,色拉轻食,健康餐,
【DYI自选】超级拼多多三拼爆款套餐,色拉轻食,健康餐,
【招牌Top】牛肉+鸡肉双拼健康餐（主食自选）,色拉轻食,健康餐,
【豪华减脂队】烤鸡+牛排超级健身餐（热轻食）,色拉轻食,健康餐,
【减脂】鲜炒牛肉空心菜饭·诱人低脂工作餐,色拉轻食,健康餐,
豪华双拼⭐牛排➕鸡胸减脂健康餐（主食三选一）,色拉轻食,健康餐,
真·原切牛排鸡胸双拼牛人凯撒沙拉（主食三选一）,色拉轻食,健康餐,
进店必点｜香烤鸡腿谷物饭（多口味！超丰富！超有料！）,色拉轻食,健康餐,
【招牌】炙烤鸡排谷物餐,色拉轻食,健康餐,
（薄盐）炙烤银鲷鱼套餐,色拉轻食,健康餐,
海风三文鱼波奇饭,色拉轻食,健康餐,
〖肉够不孩子〗肉肉DIY#自选谷物碗套餐（送鸡肉丸）,色拉轻食,健康餐,
鸡肉炒米粉·馕饼（对半）,主食,其他主食,
里脊火腿鸡蛋饼,主食,其他主食,
土家酱香饼,主食,其他主食,
鸡蛋灌饼,主食,其他主食,
红汤口味(限指麻辣烫),主食,其他主食,
双蛋鸡蛋灌饼,主食,其他主食,
一个鸡蛋的煎饼,主食,其他主食,
葱油饼,主食,其他主食,
酱香饼,主食,其他主食,
葱花油饼 半份,主食,其他主食,
鸡蛋饼,主食,其他主食,
特色鸡蛋饼,主食,其他主食,
老上海蛋饼+双蛋+油条+里脊肉,主食,其他主食,
经典烧肉粽,主食,其他主食,
招牌豪华煎饼【三拼】,主食,其他主食,
饼子,主食,其他主食,
杂粮煎饼+鸡蛋+脆饼,主食,其他主食,
老上海蛋饼+双蛋+脆饼,主食,其他主食,
烤红薯,主食,其他主食,
油炸面窝,主食,其他主食,
鸡肉炒米粉·馕饼（店长推荐）,主食,其他主食,
[爆款]沪食光老羌饼,主食,其他主食,
粢饭糕,主食,其他主食,
烤地瓜（点右上角↗❤️）【每单送一个】,主食,其他主食,
香油土鸡蛋煎饼,主食,其他主食,
纯手工油酥烧饼（夹菜）,主食,其他主食,
两个鸡蛋的煎饼,主食,其他主食,
香糯粢饭糕,主食,其他主食,
脆骨肠+里脊肉+双蛋煎饼果子,主食,其他主食,
王牌至尊全套煎饼,主食,其他主食,
基础鸡蛋煎饼,主食,其他主食,
热乎乎的自制手烙饼（卷饼.点我）,主食,其他主食,
冯氏肉灌饼,主食,其他主食,
经典酱香饼,主食,其他主食,
煎饼十脆饼十鸡蛋十里脊肉,主食,其他主食,
油酥鸡蛋饼加韭菜,主食,其他主食,
吴再添烧肉粽(酱包另装),主食,其他主食,
两个蛋+里脊肉 +王中王 +黄瓜,主食,其他主食,
【套餐】煎饼+里脊+热狗+鸡蛋折扣专栏,主食,其他主食,
鸡蛋饼（鸡蛋+生菜+脆饼）脆饼生菜不换东西,主食,其他主食,
双蛋火腿鸡蛋饼（正反各一个鸡蛋）,主食,其他主食,
葱花油饼（半份）,主食,其他主食,
普通牛肉泡馍,主食,其他主食,
鲜肉汤圆（熟/只）,主食,其他主食,
萌家秘卤大肉粽,主食,其他主食,
山东杂粮煎饼（煎饼➕鸡蛋➕脆饼）,主食,其他主食,
双鸡蛋果篦儿 薄脆,主食,其他主食,
土家酱香饼大份,主食,其他主食,
桃园酱香饼,主食,其他主食,
烤红薯中份,主食,其他主食,
（门店福利）烧饼,主食,其他主食,
老上海蛋饼+双蛋+里脊肉,主食,其他主食,
米卷,主食,其他主食,
鸡蛋菜煎饼,主食,其他主食,
双蛋果篦,主食,其他主食,
米饭必点（不送）,主食,其他主食,
鸡蛋菜煎饼实惠（新鲜蔬菜）,主食,其他主食,
煎饼果子,主食,其他主食,
纯花生油青菜+草鸡蛋,主食,其他主食,
罗氏大面窝,主食,其他主食,
五谷煎饼,主食,其他主食,
双蛋煎饼果子＋（薄脆）可选5种面,主食,其他主食,
孜然里脊煎饼,主食,其他主食,
双蛋肉松里脊煎饼,主食,其他主食,
全家福鸡蛋饼,主食,其他主食,
面窝,主食,其他主食,
【门店招牌】鸡蛋灌饼+里脊+土豆丝（98%的人必点）,主食,其他主食,
烤炉鸡蛋灌饼,主食,其他主食,
招牌酱香饼,主食,其他主食,
杂粮煎饼（脆饼+鸡蛋）,主食,其他主食,
焖饼炒鸡单人餐         [便宜还吃的好],主食,其他主食,
普通牛肉泡馍/含糖蒜+辣酱,主食,其他主食,
酱香饼（酱香浓郁）,主食,其他主食,
桃园酱香饼（1片）（切块备注）,主食,其他主食,
鸡蛋灌饼+里脊肉+烤肠+土豆丝+生菜,主食,其他主食,
鸡蛋灌饼+里脊套餐,主食,其他主食,
油酥鸡蛋饼加葱花,主食,其他主食,
杂粮煎饼+鲜鸡蛋+脆饼+里脊肉+生菜,主食,其他主食,
人气爆款！煎饼三兄弟,主食,其他主食,
杂粮煎饼+双蛋+脆饼,主食,其他主食,
优质西安羊肉泡馍【配糖蒜｜辣酱】,主食,其他主食,
招牌蛋饼,主食,其他主食,
正宗土家酱香饼,主食,其他主食,
（随心配）鸡蛋灌饼+肉+火腿肠+配菜,主食,其他主食,
青椒鸡蛋饼,主食,其他主食,
芝麻汤圆（熟/只）,主食,其他主食,
健康烤薯片,主食,其他主食,
燕子蛋饼超人+双蛋+里脊肉,主食,其他主食,
【新老客福利】烧饼(限点一份),主食,其他主食,
原味鸡蛋饼（含鸡蛋）（搭配必点）,主食,其他主食,
小时候的鸡蛋饼（正常含榨菜黄瓜丝生菜）,主食,其他主食,
葱香鸡蛋饼,主食,其他主食,
武大郎烧饼/微辣,主食,其他主食,
双蛋里脊杂粮煎饼。,主食,其他主食,
【强烈推荐】鸡蛋饼+2个蛋+火腿肠+里脊,主食,其他主食,
白饼,主食,其他主食,
葱花油饼（半张）,主食,其他主食,
葱油饼半份｜纯手工制作,主食,其他主食,
鸡蛋灌饼+里脊+土豆丝,主食,其他主食,
老盐城鸡蛋饼/2个土鸡蛋➕王中王➕里脊肉,主食,其他主食,
酱香饼（250克）,主食,其他主食,
土家酱香饼（人气王）,主食,其他主食,
千层饼,主食,其他主食,
招牌！玉米棒（新品种，天花板）,主食,其他主食,
煎饼果箅（薄脆）,主食,其他主食,
招牌烤炉鸡蛋灌饼,主食,其他主食,
双鸡蛋果篦儿,主食,其他主食,
大里脊肉煎饼【鸡蛋+脆饼+里脊肉】,主食,其他主食,
（热销）火腿鸡蛋炒饼,主食,其他主食,
五花大肉粽,主食,其他主食,
小油馍（1份）,主食,其他主食,
清蒸南瓜,主食,其他主食,
【招牌】葱油咸烧饼好评100%,主食,其他主食,
鸡蛋灌饼➕火腿肠➕铁板烧,主食,其他主食,
草鸡蛋灌饼+大里脊+田园蔬菜,主食,其他主食,
普通牛肉小炒（含两个饼）,主食,其他主食,
海苔风味酥松小贝蛋糕,甜点,其他甜品,
芋圆4号W,甜点,其他甜品,
全麦牛油果草鸡蛋三明治,甜点,其他甜品,
【三分脆】罗勒青酱鸡肉帕尼尼三明治,甜点,其他甜品,
小吊梨汤,甜点,其他甜品,
芒果白雪黑糯米,甜点,其他甜品,
【招牌必点】大份水果捞（超全配料）,甜点,其他甜品,
复购至尊【1005ml原味酸奶】水果捞,甜点,其他甜品,
我想来份1010ml水果捞,甜点,其他甜品,
我想来份1010ml水果捞.,甜点,其他甜品,
川呗枇杷烤梨/冰炖梨（单品爆售5000+）,甜点,其他甜品,
超大派1份（香辣）,甜点,其他甜品,
2个装：原味葡挞+招牌可颂蛋挞,甜点,其他甜品,
【收臧赠送】现烤黄金蛋挞1个（限1个）,甜点,其他甜品,
招牌拉丝水果捞【折扣】,甜点,其他甜品,
超值酸奶水果捞(推荐五星)1005ml,甜点,其他甜品,
招牌漳州四果汤,甜点,其他甜品,
人气爆款⭐越南古法烤鸡法棍三明治,甜点,其他甜品,
原味酸奶水果捞1005ml（大份）,甜点,其他甜品,
焦糖蛋挞,甜点,其他甜品,
精品水果捞中份（710）（冲单量赔本！重点关注！）,甜点,其他甜品,
「某红书爆款」干巴噎酸奶碗,甜点,其他甜品,
14种招牌酸奶水果捞1005ml【自选酸奶口味】,甜点,其他甜品,
【✨招牌✨】香蕉芒芒·希腊酸奶碗,甜点,其他甜品,
【分享】自选口味超大份水果捞（1005ml)分享版,甜点,其他甜品,
低脂TOP！黑椒鸡胸肉三明治（微微辣）,甜点,其他甜品,
正新鸡排 超大派,甜点,其他甜品,
红枣牛奶炖桃胶（热，大颗粒桃胶）,甜点,其他甜品,
芋圆桃胶雪燕炖奶（超级招牌）,甜点,其他甜品,
高阶版小蛮腰Buff12（蓝莓草莓黑桑葚味）,甜点,其他甜品,
招牌～大份水果捞（百亿补贴）,甜点,其他甜品,
经典酸奶水果捞口味自选（1005ml）,甜点,其他甜品,
川呗枇杷烤梨/冰炖梨（单品爆售2000➕）,甜点,其他甜品,
树莓DIY自选希腊酸奶碗5水果3小料,甜点,其他甜品,
双层小牛厚蛋三明治【强烈推荐】,甜点,其他甜品,
Snowy丨热带浆果希腊冷萃酸奶碗,甜点,其他甜品,
罗勒青酱鸡肉帕尼尼三明治,甜点,其他甜品,
牛肉芝士热压三明治Hot-pressed Sandwich,甜点,其他甜品,
好吃到没朋友1010ml水果捞+自选小料（加水果捞里）,甜点,其他甜品,
招牌芋圆,甜点,其他甜品,
黑糖烧豆花,甜点,其他甜品,
全料芋圆【特价七天】,甜点,其他甜品,
黑糖碎碎冰,甜点,冰沙,
秘制凉皮,主食,凉皮,
香辣秘制凉皮(面皮制作，不带麻酱，老板强推),主食,凉皮,
特色面皮,主食,凉皮,
秘制liang皮,主食,凉皮,
招牌擀面皮,主食,凉皮,
【饿特惠】三鲜炒酿皮,主食,凉皮,
牛筋面擀面皮对半（大份）,主食,凉皮,
苏北特色擀面皮（温热）,主食,凉皮,
凉皮,主食,凉皮,
巾凯面皮,主食,凉皮,
【霸气宠粉】黏糊两掺砂锅面+荤素搭配,主食,凉皮,
鸭肠,菜品,凉菜,
腐竹,菜品,凉菜,
新鲜手撕鸡,菜品,凉菜,
土豆,菜品,凉菜,
贡菜,菜品,凉菜,
鸭头,菜品,凉菜,
豆干,菜品,凉菜,
【葱花萝卜】香辣豆干,菜品,凉菜,
香辣土豆片50克 | 第一份仅需0.1哦~,菜品,凉菜,
藕片,菜品,凉菜,
麻辣牛肉,菜品,凉菜,
手撕口水鸡1份,菜品,凉菜,
不花钱请你吃豆干（每单限点一份）,菜品,凉菜,
笋丝,菜品,凉菜,
一起拌❤️招牌夫妻肺片+素菜+米饭,菜品,凉菜,
新鲜牛肉片,菜品,凉菜,
招牌卤肉,菜品,凉菜,
土豆片/50克,菜品,凉菜,
罗汉肉,菜品,凉菜,
荤——素 一起拌,菜品,凉菜,
神奇土豆/50g,菜品,凉菜,
豆笋1两,菜品,凉菜,
酸辣柠檬虾,菜品,凉菜,
浓香卤鸡腿！,菜品,凉菜,
手撕鸡肉(健身必选),菜品,凉菜,
土豆片,菜品,凉菜,
曹氏山药/50g,菜品,凉菜,
茄子，（微辣，有香菜）,菜品,凉菜,
【招牌卤味】卤小鸡腿 1个【福利限点】,菜品,凉菜,
【鞭炮笋鞭炮笋】50g,菜品,凉菜,
招牌鸭腿＋小荤菜＋素菜,菜品,凉菜,
武冈卤豆腐一片,菜品,凉菜,
长寿菜,菜品,凉菜,
夺命土豆（大约4/5片）,菜品,凉菜,
黄瓜,菜品,凉菜,
超香软烂卤汁大鸡腿一个【点击右上角专享】,菜品,凉菜,
桔梗（微辣）,菜品,凉菜,
招牌鸭头（明星产品）,菜品,凉菜,
土豆片100克,菜品,凉菜,
卤豆皮,菜品,凉菜,
鞭炮笋（极小概率会有打捞的渔网线，不是异物，介意慎拍）,菜品,凉菜,
莲藕,菜品,凉菜,
新鲜猪肉片,菜品,凉菜,
鸭架,菜品,凉菜,
甜辣鸭锁骨（必点）,菜品,凉菜,
口水鸡（微酸辣）,菜品,凉菜,
钱商茉莉香鸭头（必点哒）,菜品,凉菜,
钱商鸭锁骨,菜品,凉菜,
鞭炮笋/长寿笋50g（清洗很多遍依然可能有渔网，介意勿拍）,菜品,凉菜,
辣卤土豆片,菜品,凉菜,
牛肉,菜品,凉菜,
羊肉手抓饭قوي گۆشى پولۇ.,菜品,凉菜,
鸭肠一份纯手工,菜品,凉菜,
千张,菜品,凉菜,
【✨热销】香辣贡菜脆(50g),菜品,凉菜,
扯蓬豆腐干,菜品,凉菜,
宽粉（1条）,菜品,凉菜,
豆皮丝,菜品,凉菜,
【鲜辣过瘾凉拌菜】焗香手撕鸡十小菜十米饭,菜品,凉菜,
娃娃菜,菜品,凉菜,
鞭炮笋（马尾藻）,菜品,凉菜,
卤千张,菜品,凉菜,
曹氏鸭心/4颗,菜品,凉菜,
笋片,菜品,凉菜,
香辣卤藕片60g|香脆爽口,菜品,凉菜,
鸭锁骨,菜品,凉菜,
【手撕鸡】,菜品,凉菜,
山药,菜品,凉菜,
豆皮❤,菜品,凉菜,
鸭脖,菜品,凉菜,
海带丝,菜品,凉菜,
秘制口水鸡 低卡,菜品,凉菜,
口水鸡,菜品,凉菜,
曹氏神藕/50g,菜品,凉菜,
酱鸭腿,菜品,凉菜,
白切鸡|人气之选,菜品,凉菜,
香辣口水鸡,菜品,凉菜,
鸭卤最爽鸭头（个）辣,菜品,凉菜,
特惠熏拌鸡架2个（两个拌一起）,菜品,凉菜,
卤拌素拼（随机，不以图片为准）,菜品,凉菜,
软嫩入味•鸡翅根 1 个｜低脂高蛋白,菜品,凉菜,
甜辣土豆片,菜品,凉菜,
面藕,菜品,凉菜,
脆山药~生机勃勃,菜品,凉菜,
招牌美美拌鸡架,菜品,凉菜,
酸萝卜,菜品,凉菜,
土豆片/50g,菜品,凉菜,
曹氏豆皮/50g,菜品,凉菜,
招牌白斩鸡半只鸡➕2份蘸料,菜品,凉菜,
花生米,菜品,凉菜,
狮子头一个,菜品,凉菜,
【必吃榜】沈阳熏拌鸡架第一只0.1元（两只起购）,菜品,凉菜,
曹氏土豆片（4～5片）,菜品,凉菜,
钱商茉莉香风干鸭脖（外酥里嫩）,菜品,凉菜,
招牌鸭头（超级推荐）,菜品,凉菜,
羊肚丝,菜品,凉菜,
钱商茉莉香风干锁骨,菜品,凉菜,
风干鸭脖,菜品,凉菜,
嘎嘎鸭脑壳,菜品,凉菜,
新鲜鸭珍,菜品,凉菜,
红油猪耳,菜品,凉菜,
莴笋尖（凤尾）.,菜品,凉菜,
招牌酱肉包「单单必点.销量No.1」,主食,包子,其他包子
小杨生煎,主食,包子,生煎包
招牌豆角包「包子品类.销量No.1」,主食,包子,其他包子
鲜肉生煎（4只）,主食,包子,生煎包
招牌茄子包「听说女神.就爱这口」,主食,包子,其他包子
招牌⭐鲜肉小笼包（7个）,主食,包子,其他包子
酸菜油滋拉「就爱这口.回忆无穷」,主食,包子,其他包子
肉包,主食,包子,其他包子
透汁牛肉包「料好馅足.超级满足」,主食,包子,其他包子
透汁鲜肉包「品牌肉肉.很讲良心」,主食,包子,其他包子
【爆款】正宗天津猪肉大葱包子·鲜肉包第一份特惠,主食,包子,其他包子
【素馅爆款】鲜香韭菜鸡蛋粉条包子,主食,包子,其他包子
招牌！鲜肉小笼包,主食,包子,其他包子
鲜肉小笼包(8个),主食,包子,其他包子
鲜肉包,主食,包子,其他包子
鲜香肉包招牌,主食,包子,其他包子
鲜肉小笼包,主食,包子,其他包子
山丘小肉包,主食,包子,其他包子
煎包,主食,包子,生煎包
禧九招牌牛肉包,主食,包子,其他包子
『招牌』半沁汁鲜肉包子2个（大包子2个吃饱）,主食,包子,其他包子
香辣鸡腿包「口味独特.经典搭配」,主食,包子,其他包子
【地方特色】酸菜肉沫包子 地道东北味,主食,包子,其他包子
招牌肉包,主食,包子,其他包子
沁汁招牌鲜肉大包子2个,主食,包子,其他包子
【独家】火锅牛肉包子·精选内蒙高原牛肉（微辣）夜包子升级,主食,包子,其他包子
建德豆腐包（微辣）,主食,包子,其他包子
招牌鲜肉小笼包,主食,包子,其他包子
招牌鲜肉小笼包（7个）,主食,包子,其他包子
牛肉灌汤包,主食,包子,其他包子
肉菜组合【3个肉包+3个菜包】,主食,包子,其他包子
招牌小笼包（猪肉大葱）,主食,包子,其他包子
蜜汁叉烧包,主食,包子,其他包子
招牌吴记煎包,主食,包子,生煎包
南翔小笼,主食,包子,其他包子
水煎包,主食,包子,生煎包
建德豆腐包,主食,包子,其他包子
老面鲜肉小笼包（8个）,主食,包子,其他包子
韭菜鸡蛋包「儿时味道.童年记忆」,主食,包子,其他包子
水煎包｜纯手工制作,主食,包子,生煎包
吴再添芋包（酱包另装）,主食,包子,其他包子
鲜肉小笼包（8个）,主食,包子,其他包子
小笼包,主食,包子,其他包子
松毛汤包,主食,包子,其他包子
鲜肉小笼（熟）,主食,包子,其他包子
牛肉水煎包（3个）,主食,包子,生煎包
招牌建德豆腐包1个,主食,包子,其他包子
【招牌】土猪肉鲜肉包子小笼包（热·熟）,主食,包子,其他包子
百年经典素菜包,主食,包子,其他包子
鲜肉笋丁烧麦5只,主食,包子,其他包子
水煎包|黄金搭档,主食,包子,生煎包
红豆沙包,主食,包子,其他包子
手工云南山菌包,主食,包子,其他包子
老面鲜肉包（一两三个）,主食,包子,其他包子
（招牌）富阳土猪肉包子,主食,包子,其他包子
酸菜猪肉包两个,主食,包子,其他包子
手工鲜肉包,主食,包子,其他包子
桃园小肉包,主食,包子,其他包子
特色生煎（4只）,主食,包子,生煎包
鲜肉生煎包,主食,包子,生煎包
鲜肉生煎,主食,包子,生煎包
招牌煎包,主食,包子,生煎包
鲜肉小笼包(纯手工8个),主食,包子,其他包子
招牌！鲜肉小笼包（8个）,主食,包子,其他包子
鲜汁肉包,主食,包子,其他包子
牛肉水煎包（5个）,主食,包子,生煎包
【招牌】东坡肉包,主食,包子,其他包子
牛肉小笼包,主食,包子,其他包子
上海风味精肉生煎包（5个）,主食,包子,生煎包
水煎包｜纯手工制作（1个）,主食,包子,生煎包
生煎,主食,包子,生煎包
全家福小笼包（8个口味）,主食,包子,其他包子
半沁汁猪肉大葱馅大包子1两  (3个),主食,包子,其他包子
老酵鲜肉包,主食,包子,其他包子
牛肉包,主食,包子,其他包子
半沁汁猪肉大葱包子1两(3个),主食,包子,其他包子
半沁汁猪肉大葱馅包子1两(3个),主食,包子,其他包子
招牌芸豆包两个,主食,包子,其他包子
水煎包牛肉（4个）,主食,包子,生煎包
牛肉小笼包/屉,主食,包子,其他包子
杭州老面鲜肉小笼包,主食,包子,其他包子
牛肉包子,主食,包子,其他包子
鲜肉烧麦（1笼8个）,主食,包子,其他包子
三角肉包,主食,包子,其他包子
灌汤煎包,主食,包子,生煎包
土猪肉小笼包/笼,主食,包子,其他包子
小笼汤包（10个送醋包姜丝）,主食,包子,其他包子
老面鲜肉小笼包（7个）,主食,包子,其他包子
汤包（招牌），8个,主食,包子,其他包子
【镇店之宝】正宗天津猪肉大葱包子·鲜汁肉包第一份特惠,主食,包子,其他包子
青菜香菇包,主食,包子,其他包子
爆汁鲜肉小笼包（8个）,主食,包子,其他包子
猪肉大葱包（一两三个）,主食,包子,其他包子
6只小杨生煎,主食,包子,生煎包
鲜肉小笼包（10个）,主食,包子,其他包子
【镇店之宝】杭州小笼包（瘦肉香葱 纯手工老面）,主食,包子,其他包子
牛肉包【8个】,主食,包子,其他包子
一个煎包（肉的）,主食,包子,生煎包
(招牌)鲜肉小笼包8只,主食,包子,其他包子
牛肉煎包（晚上19点停售）,主食,包子,生煎包
金牌小肉包,主食,包子,其他包子
牛肉水煎包｜纯手工制作,主食,包子,生煎包
建德豆腐包(辣),主食,包子,其他包子
建德豆腐包（2个）,主食,包子,其他包子
现包现蒸鲜肉小笼包(6个),主食,包子,其他包子
鲜肉小笼包（10个,主食,包子,其他包子
网红火锅小笼包（7个）,主食,包子,其他包子
杭州老面鲜肉小笼包（8个）,主食,包子,其他包子
成都非遗酱肉包,主食,包子,其他包子
薄皮小笼包（8个）,主食,包子,其他包子
鲜肉包（下单10个送大餐盒）镇店之宝集美第一包,主食,包子,其他包子
牛肉水煎包4个,主食,包子,生煎包
鲜肉小笼汤包（8只）,主食,包子,其他包子
黄豆沙包,主食,包子,其他包子
三横王生煎【单点】,主食,包子,生煎包
招牌灌汤包,主食,包子,其他包子
菜包,主食,包子,其他包子
纯手工现做！招牌鲜肉小笼包｜一笼8个,主食,包子,其他包子
建德豆腐包（中辣）,主食,包子,其他包子
建德鲜肉包1个,主食,包子,其他包子
红糖香叶包,主食,包子,其他包子
舒蔡记特色生煎,主食,包子,生煎包
【薄皮】灌汤小笼包6个-手工现包,主食,包子,其他包子
招牌鲜肉生煎,主食,包子,生煎包
小高生煎(一份4个),主食,包子,生煎包
水煎包牛肉（6个）,主食,包子,生煎包
沁汁园招牌鲜肉大包子2个,主食,包子,其他包子
水煎包3个,主食,包子,生煎包
鲜肉大包,主食,包子,其他包子
生煎1.5两/6只,主食,包子,生煎包
传统肉包4个,主食,包子,其他包子
鲜肉小笼包【笼/10个】,主食,包子,其他包子
牛肉汤包（特色）/个,主食,包子,其他包子
山野菜素包,主食,包子,其他包子
肉丁烧卖,主食,包子,其他包子
水煎包Ｉ纯手工制作,主食,包子,生煎包
灌汤生煎包（5个）,主食,包子,生煎包
【招牌】鲜肉小笼包（热·熟包子）,主食,包子,其他包子
现包生煎 小份（5只）,主食,包子,生煎包
汤包8个,主食,包子,其他包子
新鲜出笼小笼包（5个）,主食,包子,其他包子
「招牌必点」西四半沁汁鲜猪肉包3个,主食,包子,其他包子
鲜肉生煎10个,主食,包子,生煎包
菜肉笋煎包,主食,包子,生煎包
奶皇包,主食,包子,其他包子
网红小笼包(纯手工火锅味8个),主食,包子,其他包子
一个煎包（菜的）,主食,包子,生煎包
【经典热销】招牌(双拼鲜肉+青菜）小笼包6个,主食,包子,其他包子
【招牌】鲜肉小笼包（热·熟包子）,主食,包子,小笼包
【爆款】猪肉包1两,主食,包子,其他包子
【推荐】鲜嫩茴香苗鸡蛋包 堂食上新一天爆卖230个,主食,包子,其他包子
鲜肉包（太好吃）,主食,包子,其他包子
招牌鲜肉生煎6只,主食,包子,生煎包
猪肉懒龙（条）,主食,包子,其他包子
汤包（招牌）,主食,包子,其他包子
【老面】鲜肉小笼包8个-手工现包,主食,包子,其他包子
平潭特色咸米时10个（蒸）,主食,包子,其他包子
正宗杭州小笼包,主食,包子,其他包子
特色生煎,主食,包子,生煎包
特色灌汤烧麦,主食,包子,其他包子
鲜肉生煎（四只）,主食,包子,生煎包
牛肉汤包,主食,包子,其他包子
店长推荐！特色生煎  （4只）,主食,包子,生煎包
小笼肉包（8只）,主食,包子,其他包子
【招牌】鲜肉小笼包【笼/10个】,主食,包子,其他包子
手工鲜笋烧麦（6只）,主食,包子,其他包子
三菌包（单点包子，不送）,主食,包子,其他包子
全家福小笼包（纯手工8个口味）,主食,包子,其他包子
[热销]猪肉灌汤包,主食,包子,其他包子
上海小笼汤包,主食,包子,其他包子
鲜笋肉烧卖（每份10个）,主食,包子,其他包子
老料鲜肉小笼包,主食,包子,其他包子
招牌小笼包（纯手工）,主食,包子,其他包子
白糖香叶包,主食,包子,其他包子
鲜汁灌汤小笼包,主食,包子,其他包子
鲜肉小笼包/放心肉,主食,包子,其他包子
猪肉灌汤包,主食,包子,其他包子
鲜笋烧麦,主食,包子,其他包子
【招牌】鲜肉小笼包10个（热·熟包子）,主食,包子,其他包子
汤包12个,主食,包子,其他包子
【招牌】纯手工鲜肉包,主食,包子,其他包子
【招牌】素韭菜鸡蛋包子1个,主食,包子,其他包子
【必吃】三鲜包1两,主食,包子,其他包子
招牌小笼包（猪肉大葱 ）,主食,包子,其他包子
京门鲜肉包/两,主食,包子,其他包子
上海风味生煎（5只）爆汁,主食,包子,生煎包
杂面包,主食,包子,其他包子
特色鲜肉小笼包,主食,包子,其他包子
陈记 招牌煎包,主食,包子,生煎包
猪肉大葱包,主食,包子,其他包子
现熬豆沙包,主食,包子,其他包子
鲜肉香菇烧梅一两半（6个）,主食,包子,其他包子
（纯前腿肉）鲜肉小笼包（油皮小包子）,主食,包子,其他包子
精品鲜肉包（优）,主食,包子,其他包子
招牌鲜肉小笼包（8个）,主食,包子,其他包子
手工酱肉包,主食,包子,其他包子
招牌小笼包 6只,主食,包子,其他包子
笋干豆腐包,主食,包子,其他包子
香菇青菜包,主食,包子,其他包子
叉烧包,主食,包子,其他包子
猪肉茴香馅大包子2个（一个比天津传统包子2个大））,主食,包子,其他包子
招牌土猪肉灌汤煎包（两个）,主食,包子,生煎包
猪肉三鲜（3个）,主食,包子,其他包子
松毛汤包一笼,主食,包子,其他包子
【椒麻香】油条碎包菜胡萝卜丝鸡蛋包,主食,包子,其他包子
茄子包两个,主食,包子,其他包子
三鲜肉包,主食,包子,其他包子
酱肉包子,主食,包子,其他包子
山东西葫芦鸡蛋海米包子,主食,包子,其他包子
汤包,主食,包子,其他包子
老味鲜肉包  1两（3个）,主食,包子,其他包子
虾肉小笼（带包装）,主食,包子,其他包子
猪肉香葱包【8个】,主食,包子,其他包子
传统鲜肉包1两3个,主食,包子,其他包子
收藏店铺就送1个生煎包~,主食,包子,生煎包
老面鲜肉小笼包,主食,包子,其他包子
【小笼包】鲜肉小笼包一笼,主食,包子,其他包子
牛肉烧麦10个(现包 现蒸)大个,主食,包子,其他包子
韭菜鸡蛋包/个,主食,包子,其他包子
招牌⛰鲜肉小笼包（6个）,主食,包子,其他包子
鲜汁肉包【纯手工现包】,主食,包子,其他包子
青椒茄子包,主食,包子,其他包子
特色汤包送醋包辣油包/8个,主食,包子,其他包子
香芋包,主食,包子,其他包子
A猪肉葱花馅,主食,包子,其他包子
玉米➕鲜肉➕虾仁《2➕2➕2》,主食,包子,生煎包
鲜豆角包,主食,包子,其他包子
鲜肉汤包(6只),主食,包子,其他包子
鲜肉小笼包（10）个,主食,包子,其他包子
笋干肉包,主食,包子,其他包子
手工馅鲜肉包,主食,包子,其他包子
〈爆款〉葱香鲜肉小笼包子（8个）,主食,包子,其他包子
酱肉包（大块牛肋条）,主食,包子,其他包子
酱肉包（单点包子，不送）,主食,包子,其他包子
经典鲜肉生煎（6只）,主食,包子,生煎包
半沁汁招牌鲜肉大包子2个,主食,包子,其他包子
招牌纯手工鲜肉小笼（现包现蒸）,主食,包子,其他包子
香菇青菜包【纯手工现包】,主食,包子,其他包子
上海风味精肉生煎（5只）,主食,包子,生煎包
金陵/灌汤包（6个）,主食,包子,其他包子
牛肉粉丝包,主食,包子,其他包子
李记特色发面小笼包(8只),主食,包子,其他包子
鲜肉小笼包 （9个）,主食,包子,其他包子
鲜肉大包。,主食,包子,其他包子
虾仁三鲜包 1两（3个）,主食,包子,其他包子
招牌豆腐包,主食,包子,其他包子
猪肉小笼包,主食,包子,其他包子
鲜肉汤包,主食,包子,其他包子
鲜肉烧麦,主食,包子,其他包子
招牌！鲜汁肉包【纯手工现包】,主食,包子,其他包子
灌汤包/6个,主食,包子,其他包子
阿文小笼,主食,包子,其他包子
生煎包.10个,主食,包子,生煎包
玉米肉包,主食,包子,其他包子
1笼小笼包,主食,包子,其他包子
早阳鲜肉包,主食,包子,其他包子
芝麻生煎包,主食,包子,生煎包
招牌大肉包,主食,包子,其他包子
王大大生煎-1只,主食,包子,生煎包
【鲜肉小笼包】8个纯手工,主食,包子,其他包子
麻辣酱肉小笼包（一笼5个）,主食,包子,其他包子
招牌⭐鲜肉小笼包（6个）,主食,包子,其他包子
小高鲜肉生煎,主食,包子,生煎包
牛肉煎包,主食,包子,生煎包
招牌嵊州鲜肉小笼包,主食,包子,其他包子
招牌鲜肉小笼包十个,主食,包子,其他包子
卤热狗肠 1根【福利款限购1份】,小吃,卤煮/卤味,
全家福点心卷（咸蛋黄）,主食,寿司,
Osaka爆款二,主食,寿司,
【粉丝福利】赠送肉松军舰1件【每单限一件多点无效】,主食,寿司,
嵊州豆腐汤年糕,主食,年糕,
特色豆腐年糕,主食,年糕,
排骨年糕,主食,年糕,
嵊州特色豆腐年糕,主食,年糕,
嵊州豆腐年糕,主食,年糕,
嵊州特色豆腐汤年糕,主食,年糕,
童年小年糕,主食,年糕,
卤汤小白粿,主食,年糕,
炒年糕,主食,年糕,
大白菜鲜牛肉炒年糕,主食,年糕,
招牌豆腐汤年糕,主食,年糕,
海鲜炒年糕｜三门年糕（口感有嚼劲）,主食,年糕,
特色豆腐汤年糕,主食,年糕,
青菜豆腐年糕,主食,年糕,
肉丝炒年糕,主食,年糕,
嵊州特色汤年糕（多选）,主食,年糕,
手工炙烤牛肉芝士炸弹,主食,披萨,
经典奥尔良烤鸡披萨,主食,披萨,
8英寸-至尊奥尔良烤肉披萨,主食,披萨,
招牌7英寸金枕榴莲比萨,主食,披萨,
【超值四件套】香辣腿堡+塔塔鸡块1块X2+翅根+可乐,主食,汉堡,
香辣鸡腿中国汉堡,主食,汉堡,
双堡任选,主食,汉堡,
【双倍快乐】香辣鸡腿中国汉堡X2,主食,汉堡,
香辣鸡腿中国堡（每单限1份，多点也只会送一份）,主食,汉堡,
单人黄金1+1+1+1自选套餐,主食,汉堡,
藤椒鸡腿中国汉堡,主食,汉堡,
鲜肉鸡蛋汉堡（刷辣酱）,主食,汉堡,
【新客专享】香辣鸡腿中国汉堡,主食,汉堡,
香辣/劲脆鸡腿堡2个,主食,汉堡,
招牌大堡,主食,汉堡,
网红鸡蛋汉堡,主食,汉堡,
超值爆款･◡･买汉堡送小吃1+1随心配,主食,汉堡,
招牌腿堡X2,主食,汉堡,
老四汉堡,主食,汉堡,
精品胡辣汤（辣辣）,菜品,汤羹,
精品胡辣汤,菜品,汤羹,
招牌鸡丝胡辣汤,菜品,汤羹,
精品牛肉胡辣汤,菜品,汤羹,
疙瘩汤,菜品,汤羹,
胡辣汤豆腐脑两掺（微辣）,菜品,汤羹,
招牌牛肉胡辣汤【传承配方】,菜品,汤羹,
招牌胡辣汤（辣）｜大片牛肉,菜品,汤羹,
优质胡辣汤,菜品,汤羹,
招牌营养鸡丝撒汤,菜品,汤羹,
招牌胡辣汤（辣）|大片牛肉,菜品,汤羹,
农家蒸蛋【单人份|不配饭】,菜品,汤羹,
精品胡辣汤（辣辣）｜大片牛肉,菜品,汤羹,
撒汤（鸡蛋汤）,菜品,汤羹,
豆腐脑,菜品,汤羹,
咸豆花（会员专享）,菜品,汤羹,
（招牌）营养乌鸡 撒汤,菜品,汤羹,
霞浦特色糊汤,菜品,汤羹,
老火靓汤,菜品,汤羹,
牛肉胡辣汤,菜品,汤羹,
营养沙汤,菜品,汤羹,
香酥油茶,菜品,汤羹,
牛肉汤,菜品,汤羹,
肉丸糊辣汤(小碗),菜品,汤羹,
撒汤,菜品,汤羹,
优质牛肉胡辣汤,菜品,汤羹,
咸豆腐花,菜品,汤羹,
脊骨藕汤,菜品,汤羹,
瘦肉丸大份,菜品,汤羹,
经典撒汤（小份）,菜品,汤羹,
福鼎肉片【口碑超赞】,菜品,汤羹,
肥西老母鸡汤【单人份|不配饭】,菜品,汤羹,
醋肉酸辣汤,菜品,汤羹,
【进店必点】精品牛肉胡辣汤,菜品,汤羹,
豆腐脑＋胡辣汤两掺,菜品,汤羹,
咸马糊,菜品,汤羹,
肉丸糊辣汤(大碗),菜品,汤羹,
精品牛肉胡辣汤（辣辣）默认放醋,菜品,汤羹,
传统豆腐脑,菜品,汤羹,
【镇店之宝】牛肉胡辣汤,菜品,汤羹,
招牌鸡丝胡辣汤（默认加香菜）,菜品,汤羹,
鸡丝沙汤,菜品,汤羹,
虫草花滋补牛肉胡辣汤,菜品,汤羹,
红枣枸杞土鸡汤（一人吃饱冯记贺胜桥）,菜品,汤羹,
温州瘦肉丸大份,菜品,汤羹,
鸡汁蛋汤。,菜品,汤羹,
精品胡辣汤（辣辣）｜大块牛肉,菜品,汤羹,
（招牌）营养乌鸡撒汤,菜品,汤羹,
例汤,菜品,汤羹,
【新鲜营养】草鸡蛋汤,菜品,汤羹,
瘦肉丸+章鱼小丸子,菜品,汤羹,
精品胡辣汤（辣）｜大片牛肉,菜品,汤羹,
草鸡蛋汤,菜品,汤羹,
淮南牛肉汤,菜品,汤羹,
腰花瘦肉,菜品,汤羹,
撒汤（鸡丝蛋汤）,菜品,汤羹,
招牌撒汤（鸡蛋汤）,菜品,汤羹,
★★经典草本骨汤,菜品,汤羹,
秘制骨汤,菜品,汤羹,
酸辣海鲜羹,菜品,汤羹,
优质胡辣汤（本店特色）,菜品,汤羹,
海鲜疙瘩汤,菜品,汤羹,
精品胡辣汤两掺（➕豆腐脑）,菜品,汤羹,
纯杂汤,菜品,汤羹,
招牌清真牛肉胡辣汤（小碗）,菜品,汤羹,
汤一份,菜品,汤羹,
逍遥胡辣汤,菜品,汤羹,
sa汤,菜品,汤羹,
猪肚土鸡汤（一人吃饱）冯记贺胜桥,菜品,汤羹,
福鼎肉片,菜品,汤羹,
【优选套餐】鲜炖鸡汤8选1+翻炒主食,菜品,汤羹,
豆腐脑（大）,菜品,汤羹,
紫菜蛋汤(300ml)圆碗,菜品,汤羹,
招牌酸辣汤（酸辣开胃）,菜品,汤羹,
糊辣汤（默认无鹌鹑蛋，需要请备注）,菜品,汤羹,
挲汤,菜品,汤羹,
生汆丸子汤,菜品,汤羹,
番茄鸡蛋汤,菜品,汤羹,
姥姥家经典疙瘩汤,菜品,汤羹,
【进店0元送】紫菜蛋花汤（限一份）,菜品,汤羹,
肉丸胡辣汤(大),菜品,汤羹,
老母鸡撒汤,菜品,汤羹,
招牌酸辣汤,菜品,汤羹,
老式骨汤（汤多）汤多看起来量会多一些,菜品,汤羹,
《豪华》招牌正宗福鼎肉片·加量大份,菜品,汤羹,
豆腐脑（经典）,菜品,汤羹,
红枣枸杞土鸡汤（优评专享一人份）,菜品,汤羹,
【养胃】番茄蛋花疙瘩汤,菜品,汤羹,
鸡蛋汤,菜品,汤羹,
鸡蛋花生汤（热）,菜品,汤羹,
打卤豆腐脑  (黄花菜 鸡蛋 木耳),菜品,汤羹,
滋补地瓜汤（大碗）,菜品,汤羹,
（招牌）营养鸡丝撒汤,菜品,汤羹,
瘦肉猪肝,菜品,汤羹,
【常规量★羊肉汤】,菜品,汤羹,
嵊州招牌肉丝豆腐年糕汤,菜品,汤羹,
目鱼筒骨罐,菜品,汤羹,
【招牌】洪湖野藕排骨汤,菜品,汤羹,
小份肉丸胡辣汤,菜品,汤羹,
锅边糊,菜品,汤羹,
红枣枸杞土鸡汤（一人吃好）,菜品,汤羹,
虫草汤（限1份多点不送),菜品,汤羹,
『关注⭐0.88元购』纯手工南瓜羹,菜品,汤羹,
咸豆花,菜品,汤羹,
特色糊汤.,菜品,汤羹,
招牌豆花（辣包、醋需另购）,菜品,汤羹,
小吃自选|经典胡辣汤+小吃自选（随心套餐）,菜品,汤羹,
牛肉丸牛肉粿条汤,菜品,汤羹,
福鼎肉片【热销】,菜品,汤羹,
油条汤,菜品,汤羹,
瘦肉丸（大）,菜品,汤羹,
牛肉豆腐脑,菜品,汤羹,
味增汤,菜品,汤羹,
正宗福鼎肉片（大份）,菜品,汤羹,
王牌豆腐脑,菜品,汤羹,
【睡不醒救星】洋参片猪心汤,菜品,汤羹,
【胡椒猪肚鸡汤】,菜品,汤羹,
必点豆腐脑（级品）,菜品,汤羹,
两掺,菜品,汤羹,
小份羊肉汤,菜品,汤羹,
红枣枸杞猪肚土鸡汤（一人吃饱）,菜品,汤羹,
土鸡蛋·老母鸡撒汤,菜品,汤羹,
福鼎肉片(大碗),菜品,汤羹,
点右上角❤️0元购美味羊汤（限2份多点不送）,菜品,汤羹,
逍遥牛肉胡辣汤,菜品,汤羹,
招牌番茄蛋花疙瘩汤,菜品,汤羹,
糊汤,菜品,汤羹,
【进店必买】精品牛肉胡辣汤,菜品,汤羹,
洪湖莲藕排骨汤【身心康泰】,菜品,汤羹,
早餐锅边【福州古早味】,菜品,汤羹,
巧克力哈斗,甜点,泡芙,
鲜奶泡芙-约300g±20g/盒,甜点,泡芙,
【年销百万】招牌爆浆泡芙（香草）,甜点,泡芙,
咸口软泡芙（盒装）,甜点,泡芙,
招牌鸡大腿（1个）,小吃,炸货,炸鸡
Obligi双拼口味无骨炸鸡,小吃,炸货,炸鸡
【店长推荐】双拼口味无骨炸鸡-10块,小吃,炸货,炸鸡
银粟炸鸡,小吃,炸货,炸鸡
正新香辣大鸡排,小吃,炸货,炸鸡
招牌带骨特大鸡排,小吃,炸货,炸鸡
新店特惠--半只鸡【实际到手16.99】,小吃,炸货,炸鸡
【网红双拼炸鸡】无骨鸡块8+小鸡腿2+年糕10+饮料1,小吃,炸货,炸鸡
【三拼】无骨大块鸡肉酱汁炸鸡,小吃,炸货,炸鸡
手工双拼炸鸡,小吃,炸货,炸鸡
一人翅腿组合（大鸡腿一只，鸡翅两只，翅根两只）,小吃,炸货,炸鸡
【全家桶】招牌香酥鸡柳+年糕+薯条（中份）,小吃,炸货,炸鸡
【第二份0.01元】超值双拼韩式炸鸡（两份装一起）,小吃,炸货,炸鸡
【本店热销】双拼口味无骨炸鸡,小吃,炸货,炸鸡
鸡排,小吃,炸货,炸鸡
传统烤法苕皮,小吃,炸货,其他炸货
特色香辣鸡架,小吃,炸货,炸鸡
蛋黄鸡翅（4只）,小吃,炸货,炸鸡
炸鸡腿,小吃,炸货,炸鸡
香酥琵琶腿×1支（亏本冲量）,小吃,炸货,炸鸡
网红香酥鸡,小吃,炸货,炸鸡
经典无骨鸡排,小吃,炸货,炸鸡
叫了只炸鸡/大只 【现点现炸】,小吃,炸货,炸鸡
【第二份0.01元】超值双拼招牌韩式炸鸡（两份装一起）,小吃,炸货,炸鸡
比脸大鸡排/份,小吃,炸货,炸鸡
炸果条,小吃,炸货,其他炸货
招牌炸鸡半只+大鸡腿1个,小吃,炸货,炸鸡
蜜恋【无骨鲜嫩炸鸡】18块任意口味双拼,小吃,炸货,炸鸡
『临榆』琵琶腿1支,小吃,炸货,炸鸡
香酥鸡,小吃,炸货,炸鸡
香酥鸡柳,小吃,炸货,炸鸡
YYDS【首份0.01元】超值双拼韩式炸鸡（两份装一起）,小吃,炸货,炸鸡
招牌生炸鸡架,小吃,炸货,炸鸡
【店长推荐】双拼口味无骨炸鸡（11-13块加量不加价）,小吃,炸货,炸鸡
【亏本冲单】糖醋乌梅炸鸡,小吃,炸货,炸鸡
秘制炸鸡架（镇店之宝 东北特色）,小吃,炸货,炸鸡
爆款｜正新大鸡排,小吃,炸货,炸鸡
正新鸡排,小吃,炸货,炸鸡
藤椒鸡排,小吃,炸货,炸鸡
叫了只炸鸡【七种口味任选】,小吃,炸货,炸鸡
鸡尖(4-5只),小吃,炸货,炸鸡
【尝鲜】鸡柳薯条年糕三合一（中份）,小吃,炸货,其他炸货
麻辣鸡架（大份）,小吃,炸货,炸鸡
【韩粉推荐】双拼口味韩式炸鸡,小吃,炸货,炸鸡
御虎堂韩国炸鸡口味双拼,小吃,炸货,炸鸡
蒜香鸡腿块,小吃,炸货,炸鸡
年糕片(手切口感好糯)**,小吃,炸货,其他炸货
烧烤苕皮,小吃,炸货,其他炸货
鹤岗烤饼,小吃,炸货,其他炸货
烟火特惠传统烤法苕皮,小吃,炸货,其他炸货
香酥鸡锁骨一斤,小吃,炸货,炸鸡
烧饼,小吃,炸货,其他炸货
鸡腿,小吃,炸货,炸鸡
一人份炸鸡组合（大鸡腿一只，鸡翅两只，翅根两只）,小吃,炸货,炸鸡
【招牌必点】特色苕皮,小吃,炸货,其他炸货
美式炸鸡腿,小吃,炸货,炸鸡
小田香辣鸡翅,小吃,炸货,炸鸡
招牌双拼韩式炸鸡中份✔超实惠（8无骨肉8年糕）,小吃,炸货,炸鸡
肉松蛋黄浇酱粗薯,小吃,炸货,其他炸货
招牌双拼无骨炸鸡（8无骨肉+8年糕）,小吃,炸货,炸鸡
香辣鸡排,小吃,炸货,炸鸡
无骨鸡柳,小吃,炸货,炸鸡
【开业大促】叫了只炸鸡（爆款9种口味自选）,小吃,炸货,炸鸡
招牌鸡排（口味自选）,小吃,炸货,炸鸡
【爆赞·招牌】叫了只炸鸡（7种口味）,小吃,炸货,炸鸡
正新鸡排【甘梅味1】,小吃,炸货,炸鸡
叫了只炸鸡(10种口味自选),小吃,炸货,炸鸡
棒鸡柳,小吃,炸货,炸鸡
【第二份0.01】共12块肉!超人气双拼炸鸡套餐,小吃,炸货,炸鸡
【爆款力荐】0.58脆皮鸡翅根一个（限点一份）,小吃,炸货,炸鸡
厚切脆皮鸡排,小吃,炸货,炸鸡
单人炸鸡组合（店长推荐）,小吃,炸货,炸鸡
招牌鸡大腿(1个),小吃,炸货,炸鸡
【9.9抢购】叫了只大炸鸡,小吃,炸货,炸鸡
正新原味大鸡排,小吃,炸货,炸鸡
叉烧奥尔良鸡翅,小吃,炸货,炸鸡
白粿,小吃,炸货,其他炸货
鸡柳+薯条+年糕《大份》,小吃,炸货,炸鸡
【金字招牌】上南香酥鸡柳（大份）,小吃,炸货,炸鸡
店铺尝鲜！韩式炸鸡六块＋六年糕,小吃,炸货,炸鸡
双拼炸鸡【第二份1元】：每份6块鸡腿肉 两份放一个盒子,小吃,炸货,炸鸡
招牌小鸡排,小吃,炸货,炸鸡
纯手工大鸡排,小吃,炸货,炸鸡
香辣鸡腿,小吃,炸货,炸鸡
【福利】香酥鸡腿1个,小吃,炸货,炸鸡
叫了只炸鸡(口味自选),小吃,炸货,炸鸡
【小吃任选】韩式双拼无骨炸鸡（10肉+小吃任选6个）,小吃,炸货,炸鸡
白果,小吃,炸货,其他炸货
❗【芝士年糕鸡】加香米丨超长拉丝 떡닭,小吃,炸货,其他炸货
正新招牌鸡排（微微辣）,小吃,炸货,炸鸡
韩式炸鸡双拼（双口味每份8块无骨鸡块）,小吃,炸货,炸鸡
半半炸鸡（8PCS）（翅中+翅根）,小吃,炸货,炸鸡
韩式无骨炸鸡    （薯条双拼）（鲜肉现做）,小吃,炸货,炸鸡
『第二份0.1元』超级酱爆双拼送年糕(两份装一起)共一盒,小吃,炸货,炸鸡
碳烤苕皮【软糯爽口】★★★★★,小吃,炸货,其他炸货
正新原味鸡排,小吃,炸货,炸鸡
1元半只炸鸡（每单只限一份）,小吃,炸货,炸鸡
三合一大份,小吃,炸货,炸鸡
招牌三合一（大份）,小吃,炸货,炸鸡
单人炸鸡组合,小吃,炸货,炸鸡
叫了个炸鸡【自选口味】,小吃,炸货,炸鸡
炸火烧（外酥里嫩/个）,小吃,炸货,其他炸货
叫了只炸鸡（孜然）/整只 【超人气口味】,小吃,炸货,炸鸡
收藏店铺送招牌里脊肉一串  多点无效,小吃,炸货,其他炸货
经典炸鸡（大鸡腿）,小吃,炸货,炸鸡
南川苕皮,小吃,炸货,其他炸货
蜜哆哆双拼无骨炸鸡,小吃,炸货,炸鸡
正新大鸡排（口味自选）,小吃,炸货,炸鸡
烤糯米年糕,小吃,炸货,其他炸货
『第二份0.1元』超值双拼招牌炸鸡,小吃,炸货,炸鸡
薯条（配送影响介意慎点）,小吃,炸货,其他炸货
【复购王】双拼炸鸡,小吃,炸货,炸鸡
叫了只炸鸡（口味自选）,小吃,炸货,炸鸡
烤白粿,小吃,炸货,其他炸货
炸鸡腿（招牌必点）,小吃,炸货,炸鸡
★白记招牌★美式炸鸡腿（网红大鸡腿）,小吃,炸货,炸鸡
【进店必点】正新鸡排超大派 主食营养炸鸡排 今日大特价,小吃,炸货,炸鸡
双拼无骨炸鸡大份套餐,小吃,炸货,炸鸡
特色耙糯苕皮,小吃,炸货,其他炸货
【手工】老上海香酥鸡柳（150g/份）,小吃,炸货,炸鸡
【人气】一人份炸鸡组合（大鸡腿一只，鸡翅两只，翅根两只）,小吃,炸货,炸鸡
叫了只炸鸡/只（超人气推荐）,小吃,炸货,炸鸡
新品上市；中份正新鸡排,小吃,炸货,炸鸡
半半炸鸡（翅中+翅根）8PCS,小吃,炸货,炸鸡
香甜鸡翅（翅中+翅根）8PCS,小吃,炸货,炸鸡
韩式甜辣腿肉块（4PCS）,小吃,炸货,炸鸡
韩式炸鸡小鸡腿2个+无骨鸡6块+年糕6个,小吃,炸货,炸鸡
手工☆炸鸡排（销量top）,小吃,炸货,炸鸡
甘梅鸡排,小吃,炸货,炸鸡
『炸鸡伴侣』酥糯年糕1根-加到套餐里,小吃,炸货,其他炸货
鸡架,小吃,炸货,炸鸡
大份双拼韩式无骨炸鸡〔年糕*薯条〕,小吃,炸货,炸鸡
脆皮年糕（1串）,小吃,炸货,其他炸货
年糕,小吃,炸货,其他炸货
鸡柳+年糕+薯条(三合一大份),小吃,炸货,炸鸡
双拼炸鸡【第二份1元】：每份6块鸡腿肉,小吃,炸货,炸鸡
叫了只炸鸡(孜然)/整只,小吃,炸货,炸鸡
翅根鸡翅双拼中份/大份,小吃,炸货,炸鸡
第一佳大鸡排,小吃,炸货,炸鸡
蒜蓉粿条（今日大特价）,小吃,炸货,其他炸货
【收藏福利】黑金盐酥炸鸡（1块）,小吃,炸货,炸鸡
手工鸡排,小吃,炸货,炸鸡
香酥干炸里脊（240克）,小吃,炸货,炸鸡
【双拼无骨炸鸡】10无骨+任选2无骨或8年糕等,小吃,炸货,炸鸡
明星翅根1个（加在套餐里）,小吃,炸货,炸鸡
【半半双拼】芝士裹粉炸鸡윙봉반반,小吃,炸货,炸鸡
网红火鸡面+5腿肉+2鸡块,小吃,炸货,炸鸡
【第❶份0元】无骨鸡腿肉—双拼买1送1（2个口味）,小吃,炸货,炸鸡
叫了只炸鸡（孜然）/只,小吃,炸货,炸鸡
【全家桶】招牌全家桶大份,小吃,炸货,炸鸡
【大份】鸡柳+年糕+薯条,小吃,炸货,炸鸡
叫了只炸鸡/整只 【开业大促】,小吃,炸货,炸鸡
薅羊毛！吮指脆皮鸡～仅需6.66元,小吃,炸货,炸鸡
【3周年店庆】11块香酥无骨炸鸡套餐（11块肉,小吃,炸货,炸鸡
【镇店爆款】酱汁四拼无骨炸鸡（买8送8年糕）,小吃,炸货,炸鸡
正新超大爱心鸡排（多种口味）,小吃,炸货,炸鸡
招牌炸鸡腿4个,小吃,炸货,炸鸡
[尝鲜折扣]双拼口味无骨炸鸡,小吃,炸货,炸鸡
手工韭菜粿条,小吃,炸货,其他炸货
招牌-正新鸡排(口味任选),小吃,炸货,炸鸡
韩式无骨炸鸡炸鸡双拼,小吃,炸货,炸鸡
❤️土人王炸白果,小吃,炸货,其他炸货
香酥鸡翅,小吃,炸货,炸鸡
招牌正新鸡排,小吃,炸货,炸鸡
招牌炸鸡腿2个【实际到手13.85】,小吃,炸货,炸鸡
【爆款】招牌鸡大腿,小吃,炸货,炸鸡
【必点】炭烤沈阳糖醋鸡架,小吃,炸货,炸鸡
超值必点丨无骨炸鸡盒口味双拼⦁中份（约11-12肉）,小吃,炸货,炸鸡
单飞小鸡腿,小吃,炸货,炸鸡
网红脆皮年糕（收藏优享0.9元）,小吃,炸货,其他炸货
特色炸鸡块（每块）,小吃,炸货,炸鸡
黄金炸鸡爪【招牌】,小吃,炸货,炸鸡
叫了只炸鸡/只（大只）（超人气口味推荐）,小吃,炸货,炸鸡
【人气招牌】黄金炸鸡腿三只,小吃,炸货,炸鸡
【全家桶】招牌全家桶中份,小吃,炸货,炸鸡
叫了只炸鸡（8种口味自选）,小吃,炸货,炸鸡
单人份双拼炸鸡,小吃,炸货,炸鸡
鸡腿三兄弟【爆汁大鸡腿3个】,小吃,炸货,炸鸡
[超值活动】叫了个脆皮炸鸡（特价）,小吃,炸货,炸鸡
一份大鸡排就能起送专用,小吃,炸货,炸鸡
【右上角★收藏】免费吃淄博10小串【每单只限1份】,小吃,烤货（非炭烤）,
超值单人餐（四荤五素+烤饼）,小吃,烤货（非炭烤）,
农家特色炒鸡（半只）,菜品,热菜,
【爆款】无肉不欢随心配,菜品,热菜,
【稻稻臻选】随心配【25自选5种】,菜品,热菜,
干锅花菜（微辣）,菜品,热菜,
新栗子新鲜上市大份（现炒香喷喷不开口）,菜品,热菜,
葱烤大排,菜品,热菜,
腊肉豆丝,菜品,热菜,
农家小炒肉,菜品,热菜,
糖炒栗子中份500g，新栗上市了,菜品,热菜,
烤鸭 半只撕好+米饭1,菜品,热菜,
酸辣土豆丝,菜品,热菜,
窑鸡半只【体验尊享版】,菜品,热菜,
西红柿炒鸡蛋,菜品,热菜,
三鲜豆皮,菜品,热菜,
肉末茄子,菜品,热菜,
东北锅包肉,菜品,热菜,
农家小炒肉（辣）,菜品,热菜,
土司铜锅油焖鸡,菜品,热菜,
招牌正宗重庆鸡公煲,菜品,热菜,
『招牌蜜恋』蜜汁烤鸡-满口爆汁,菜品,热菜,
北京烤鸭半只（爆款）,菜品,热菜,
秘觉爆款田鸡2斤装（口味任选）,菜品,热菜,
招牌西红柿炖牛腩+米饭套餐,菜品,热菜,
糖炒栗子中份,菜品,热菜,
半只北京片皮烤鸭标准套餐（1份黄瓜葱酱饼）+香酥鸭架小份,菜品,热菜,
辣椒炒肉【头牌款】,菜品,热菜,
老爷叔软糯红烧肉【镇店之宝必尝】,菜品,热菜,
牛肉砂锅,菜品,热菜,
镇店之宝芸豆蹄花送蘸碟（特价爆款必点）,菜品,热菜,
凤爪蒸豆米【单人份|不配饭】,菜品,热菜,
蟹粉蛋,菜品,热菜,
张仪村大江臭豆腐,菜品,热菜,
干锅鸡-单(周末狂欢价）,菜品,热菜,
小炒肉,菜品,热菜,
一荤一素,菜品,热菜,
水煮肉片,菜品,热菜,
重庆鸡公煲,菜品,热菜,
经典毛血旺单人餐,菜品,热菜,
“宫保鸡丁”超级食盒,菜品,热菜,
【新客尝鲜】1斤沂蒙山炒鸡（含一份主食）,菜品,热菜,
叫花鸡半只（包含米饭蔬菜）,菜品,热菜,
香肠炒鸡蛋,菜品,热菜,
【无刺】招牌青花椒味(单人份),菜品,热菜,
【每日限量】️4.88元抢炭烤焦香大鸡腿,菜品,热菜,
舒芙蕾番茄炒蛋,菜品,热菜,
【超级推荐】箐筳五香烤鸡（微辣）,菜品,热菜,
【超值双拼】浇汁卤肉+自选荤菜（含锅气小炒6选2),菜品,热菜,
五花肉+酥肉炖白菜粉条（贼上瘾）,菜品,热菜,
小爷拿手香辣鸡【无法少辣】（包含米饭）,菜品,热菜,
香酥鸭,菜品,热菜,
孜然牛肉,菜品,热菜,
水煮肉片（肉比菜多）辣,菜品,热菜,
小芽白,菜品,热菜,
椒盐小酥肉,菜品,热菜,
新鲜时蔬,菜品,热菜,
西红柿鸡蛋,菜品,热菜,
闲时炸排骨（免费吃 限1份 一份2块）,菜品,热菜,
三鲜豆皮（2块）【地道十足~】,菜品,热菜,
【招牌必点】锅巴土豆☆自选口味☆,菜品,热菜,
小阿婆特色红烧肉【镇店招牌】,菜品,热菜,
无名招牌爆汁脆皮大烧鸡半只【清远鸡半只】,菜品,热菜,
✨招牌焖饼炒鸡1斤装✨  [肉不多呼老板脸],菜品,热菜,
炝炒油麦菜,菜品,热菜,
招牌老式砂锅土豆粉,菜品,热菜,
里脊肉,菜品,热菜,
【店铺热销】特惠大盘鸡单人餐(含主食),菜品,热菜,
招牌 正宗 瓦香鸡【累计销冠】,菜品,热菜,
俩荤俩素任你选【贼阔气】➕2荤2素自选（饭管够儿）,菜品,热菜,
糖醋里脊,菜品,热菜,
溜肉段,菜品,热菜,
招牌软糯红烧肉【镇店之宝必尝】,菜品,热菜,
招牌活力烤鱼3人份【送烤盘】边烤边吃就是香,菜品,热菜,
铁板里脊,菜品,热菜,
糖醋排骨,菜品,热菜,
湘婆婆小炒肉【镇店招牌】,菜品,热菜,
可乐鸡翅,菜品,热菜,
招牌瓦香鸡,菜品,热菜,
爆汁黄焖鸡+珍珠香米,菜品,热菜,
三鲜煲 经典搭配,菜品,热菜,
铜川路炸猪排（一律不切）一块,菜品,热菜,
香煎脆皮豆腐（本店招牌推荐）,菜品,热菜,
泡椒兔小份,菜品,热菜,
孜然肉,菜品,热菜,
麻婆豆腐|小滋味,菜品,热菜,
时令蔬菜,菜品,热菜,
招牌卤肉,菜品,热菜,
现烤窑鸡（精选走地鸡）【半只特惠】,菜品,热菜,
什锦煲,菜品,热菜,
干锅鸡（含有米饭）,菜品,热菜,
火腿肠|根,菜品,热菜,
【招牌热销】现做香酥鸭半只（主食可选）,菜品,热菜,
【老板请客】热销荤菜6选1（限1份哦）,菜品,热菜,
需要筷子,菜品,热菜,
全家福小锅+米饭,菜品,热菜,
半只脆皮烤鸭（骨架炸一下）送宿舍楼下,菜品,热菜,
霸王烤猪蹄（带筋）,菜品,热菜,
虾仁蒸鸡蛋【单人份|不配饭】,菜品,热菜,
宫保腰果鸡丁,菜品,热菜,
【正宗黄陂豆丝】四平牛肉爆炒黄陂豆丝,菜品,热菜,
半只北京烤鸭套餐（送卷饼|配菜|甜面酱|鸭架）,菜品,热菜,
招牌猪肚鸡（含米饭）,菜品,热菜,
《经典爆款》很久以前招牌黑胡椒～谷饲肋眼牛排,菜品,热菜,
招牌小炒肉（特价）,菜品,热菜,
【招牌推荐】任意拼2荤2素（含米饭）,菜品,热菜,
卤蛋或鸡翅根特价(每份饭限1个)随机,菜品,热菜,
蜜汁茶香鸡,菜品,热菜,
招牌炸排骨大份,菜品,热菜,
地瓜叶（加蒜）,菜品,热菜,
（宠粉福利）招牌鸡公煲+洋葱+土豆+米饭,菜品,热菜,
旭光辣子鸡,菜品,热菜,
农家一碗香,菜品,热菜,
农家一碗香【拒绝预制】饭单点,菜品,热菜,
兰花干,菜品,热菜,
香酥鸭半只（包含米饭蔬菜）,菜品,热菜,
川湘味｜麻婆豆腐多点不送,菜品,热菜,
尖椒炒瘦肉（不喜欢吃瘦肉慎点）,菜品,热菜,
丁丁烤鸭头,菜品,热菜,
脆皮,菜品,热菜,
【福利】营养水蒸蛋,菜品,热菜,
红烧鸡腿（鸡腿，鸭腿不同点）,菜品,热菜,
荔枝肉份,菜品,热菜,
招牌辣子鸡（含米饭）,菜品,热菜,
酸菜鱼双人工作餐,菜品,热菜,
辣椒炒肉,菜品,热菜,
鸡腿肉三拼单人焖锅,菜品,热菜,
比其他家好吃水西门烤鸭四分之一（有卤水）,菜品,热菜,
大肠,菜品,热菜,
农家蒸土鸡蛋,菜品,热菜,
宫保鸡丁,菜品,热菜,
招牌土窑鸡（只）,菜品,热菜,
片皮烤鸭 （饼 酱 黄瓜 白葱）,菜品,热菜,
地三鲜,菜品,热菜,
椒麻石锅鸡,菜品,热菜,
辣椒炒瘦肉☀超级香,菜品,热菜,
喷香烤鸭,菜品,热菜,
【双拼自选】两荤菜➕1素菜任选【嘎嘎好吃】（饭管够儿）,菜品,热菜,
草芽—川肉—香酥（有豌豆尖）,菜品,热菜,
清炒菠菜叶,菜品,热菜,
必选口味,菜品,热菜,
酸辣笋尖【浇头】,菜品,热菜,
鲜嫩里脊焖锅（酱香)➕六种配菜➕米饭,菜品,热菜,
金良酸菜鱼小份不含米饭,菜品,热菜,
【小稻简餐】随心选【13自选4种】,菜品,热菜,
排骨,菜品,热菜,
香干炒肉,菜品,热菜,
单人套餐（老狼大盘鸡单人份（送一份拉条面）,菜品,热菜,
佳佳炸猪排（一律不切）一块,菜品,热菜,
西红柿炒蛋份,菜品,热菜,
小份鸡公煲（不含米饭）,菜品,热菜,
新派鱼香肉丝,菜品,热菜,
烧土豆块,菜品,热菜,
金针菇0.9元/两,菜品,热菜,
酸菜鱼单人餐,菜品,热菜,
小炒走地鸡,菜品,热菜,
鱼香肉丝,菜品,热菜,
绝味烤鸭|香酥鸭,菜品,热菜,
手撕烤鸭整只撕好,菜品,热菜,
辣子鸡,菜品,热菜,
仲三风味烤鸡,菜品,热菜,
元气满满牛肉砂锅,菜品,热菜,
✨伴鸡随心配,菜品,热菜,
辣子鸡（不可免辣）,菜品,热菜,
生烫牛肉,菜品,热菜,
醋肉,菜品,热菜,
瓦香鸡,菜品,热菜,
点亮收藏店铺0.1精选荤菜6选1（限一份，多点不送~）,菜品,热菜,
青椒土豆丝,菜品,热菜,
荷东官荷包鸡《秘制蜜汁风味荷包鸡整只 》,菜品,热菜,
汤汁臭豆腐（小份）,菜品,热菜,
柯豆腐,菜品,热菜,
吃法铁板烧,菜品,热菜,
瓦香鸡➕米饭,菜品,热菜,
三荤两素菜品随机（含米饭）,菜品,热菜,
秘制炸排骨拼肉条大份（200克）,菜品,热菜,
炸蛋,菜品,热菜,
【店铺招牌】香辣水煮肉片+半斤配菜+米饭,菜品,热菜,
肉末芙蓉蒸蛋,菜品,热菜,
重庆鸡公煲+米饭,菜品,热菜,
脆皮豆腐(12条),菜品,热菜,
糖炒栗子(迁西)500克,菜品,热菜,
【下饭！就是下饭！】香煎荷包蛋,菜品,热菜,
热销时蔬,菜品,热菜,
烤鸭半只+米饭+小菜,菜品,热菜,
国足臭豆腐一份10块豆腐,菜品,热菜,
小酥肉约[50克],菜品,热菜,
五香卷,菜品,热菜,
洋芋粑粑,菜品,热菜,
宫廷土豆（下饭伴侣）,菜品,热菜,
（老板强推）秘制鸡公煲小煲（不含米饭）,菜品,热菜,
麻辣香锅口味,菜品,热菜,
【半只】北京烤鸭（我要片皮）,菜品,热菜,
酥肉小锅+米饭,菜品,热菜,
鱼香茄子,菜品,热菜,
网红爆款☞吉道～『蜜汁味』-《整只》,菜品,热菜,
秘制鸡公煲（小份）（不含米饭）,菜品,热菜,
糖炒栗子大份500g（送100g自选花生瓜子）,菜品,热菜,
酸辣土豆丝|超值款,菜品,热菜,
五花肉+排骨炖白菜粉条（流哈喇子）,菜品,热菜,
四季豆外婆菜爆肉肠（微辣）,菜品,热菜,
肉沫蒸蛋 l Q弹滑嫩,菜品,热菜,
咸蛋黄豆腐煲,菜品,热菜,
招牌鸡公小煲,菜品,热菜,
鸡公煲（小煲）,菜品,热菜,
福利‼️麻辣豆腐(小份),菜品,热菜,
锅包肉,菜品,热菜,
【收藏0元购】红烧鸡腿原价8.8,菜品,热菜,
收藏有礼点击右上角五角星收藏！（黑椒鸡块2块，限购一份）,菜品,热菜,
招牌臭豆腐,菜品,热菜,
番茄炒鸡蛋,菜品,热菜,
糖炒栗子大份,菜品,热菜,
鸭演四宝(需要分开放或辣椒醋请备注),菜品,热菜,
铁板炒年糕,菜品,热菜,
香菜牛肉,菜品,热菜,
【开业酬宾】招牌大鸡腿（限量50个）,菜品,热菜,
虾酥（葱油饼）,菜品,热菜,
自选一人套餐（带米饭）,菜品,热菜,
农家小炒肉❤️鲜五花（辣椒比肉还好吃⭐）,菜品,热菜,
黑豆花水煮牛肉单人餐（含米饭）,菜品,热菜,
咖喱土豆,菜品,热菜,
御膳大盘鸡单人餐,菜品,热菜,
鸡蛋柿子,菜品,热菜,
土豆丝，（微辣）,菜品,热菜,
土豆❤,菜品,热菜,
焖子(份),菜品,热菜,
臭豆腐,菜品,热菜,
优质牛肉小炒+糖蒜加鸡蛋,菜品,热菜,
冲量特惠】招牌砂锅鸡公煲+土豆片+送米饭,菜品,热菜,
热糖炒栗子（迁西）310,菜品,热菜,
酸辣土豆丝（福利下饭菜）,菜品,热菜,
【单人套餐】片皮烤鸭+送饼菜酱+椒盐鸭架,菜品,热菜,
【 招牌老三样】  桂林必吃经典,菜品,热菜,
小盘鸡,菜品,热菜,
黑毛肚毛血旺单人餐,菜品,热菜,
广式盐焗鸡,菜品,热菜,
小熊荷包鸡～《蜜汁味》,菜品,热菜,
半只烤鸭+饼16张+葱黄瓜组合+甜酱2盒,菜品,热菜,
桥头排骨+桥头炸肉,菜品,热菜,
【爆款热销】秘制排骨+猪肉条（双拼大份）,菜品,热菜,
回锅牛肉,菜品,热菜,
蒜香茄子炒豆角（微辣）,菜品,热菜,
豆腐丸子,菜品,热菜,
狮子头,菜品,热菜,
【非遗】小份黄焖鸡（含一份米饭,菜品,热菜,
湖南辣椒炒肉【经典款】,菜品,热菜,
椒盐排条（热气猪大排）,菜品,热菜,
北京果木烤鸭(半只＋饼1+葱1+酱1包),菜品,热菜,
鸡公煲【小煲】（不含米饭哦),菜品,热菜,
卤炸鸭脖,菜品,热菜,
酱油蒸蛋,菜品,热菜,
贵州遵义鲜烤鸡单人餐,菜品,热菜,
素炒土豆丝,菜品,热菜,
外婆红烧肉,菜品,热菜,
大鸡大利|单人套餐,菜品,热菜,
蒙古手撕烤鸡一只（中辣）,菜品,热菜,
烤鸡全翅（新店亏本卖）,菜品,热菜,
原汁原味清炖牛腩（主食自选）,菜品,热菜,
烤鸭半只（1-2）人餐送椒盐鸭架,菜品,热菜,
(精品无鸭架) 北京烤鸭1人餐饼1酱1葱黄瓜双拼,菜品,热菜,
【22周年店庆】奶酸菜鱼【单人份】（不含米饭）,菜品,热菜,
招牌五香荷包鸡～《整只》,菜品,热菜,
湖南土辣椒 l 农家小炒肉,菜品,热菜,
【新客专享】无骨酸菜鱼（单人份，赠米饭）,菜品,热菜,
香酥全翅（1个）,菜品,热菜,
粉丝福利~享甄选菜品一份（限一份，多点不送~）,菜品,热菜,
招牌排骨（大份）,菜品,热菜,
超值小食三选一（限购一份多点不推不送）,菜品,热菜,
牛肉炒西兰花,菜品,热菜,
排骨炖豆角土豆(一份米饭)非净排,菜品,热菜,
红烧茄子,菜品,热菜,
鲜得来肉末炖蛋（无法免葱））,菜品,热菜,
招牌｜蜜汁风味荷包鸡～整只（不辣）,菜品,热菜,
酒香草头,菜品,热菜,
红烧鸡腿,菜品,热菜,
小鸡公煲不含米饭,菜品,热菜,
【本店霄冠】招牌鸡煲单人餐（小份）,菜品,热菜,
冲单爆款【1斤铁锅鲜炒鸡】主食自选,菜品,热菜,
招牌三鲜砂锅,菜品,热菜,
【升级版多肉】七荤八素海量配菜爆款下饭锅,菜品,热菜,
老武汉臭豆腐,菜品,热菜,
小锅鸡腿堡（不含米饭）,菜品,热菜,
糖醋荔枝肉丨小甜甜,菜品,热菜,
老成都盐菜回锅肉（桌桌必点）,菜品,热菜,
老成都盐菜回锅（桌桌必点）,菜品,热菜,
红烧排骨,菜品,热菜,
+❤️茶油蒸蛋,菜品,热菜,
土杭椒炒鸡蛋|小鲜辣,菜品,热菜,
番茄炒蛋｜小搭档,菜品,热菜,
铁板椒麻鸡（本菜品不接受任何备注米饭需单点）,菜品,热菜,
b炭烤浙大大鸡腿（去骨一切两半）,菜品,热菜,
干锅鸡+5配菜+米饭,菜品,热菜,
鸡公煲{不带米饭},菜品,热菜,
[精选]北京烤鸭半只（送饼15张酱1葱黄瓜1）,菜品,热菜,
京都香味铁板鸭（半只）加米饭,菜品,热菜,
番茄炒蛋,菜品,热菜,
招牌烤大鸡腿（新华送宿舍楼下）,菜品,热菜,
鲜香炒鸡+配菜+米饭,菜品,热菜,
【两荤两素】荤菜双拼自选*2+现炒素菜*2+米饭new,菜品,热菜,
佐料猪肉丝,菜品,热菜,
糖炒栗子小份(300g),菜品,热菜,
点⭐️福利购麻婆豆腐I酸辣土豆丝2选1,菜品,热菜,
招牌野兽烤鸡（进店必买，超级好吃）,菜品,热菜,
【招牌推荐】恩施特色宋鸭子一整只,菜品,热菜,
猪肉白菜炖粉条（不含主食）,菜品,热菜,
辣椒炒肉｜当天采购新鲜的猪肉,菜品,热菜,
拆骨肉炒荷包蛋（湖南老师傅掌勺）,菜品,热菜,
五花肉泡菜锅,菜品,热菜,
小炒黄牛肉（中辣）(不含米饭),菜品,热菜,
干锅包菜1份(麻辣),菜品,热菜,
两荤一素,菜品,热菜,
豆角炒土豆,菜品,热菜,
鸡公煲（小）不含米饭,菜品,热菜,
卤味卤香！茶叶蛋蛋（1颗）,菜品,热菜,
梅菜扣肉【单人份|不配饭】,菜品,热菜,
【镇店之宝】猪肉白菜炖粉条（主食自选））,菜品,热菜,
【爆款热销】秘制排骨＋肉条（双拼大份）,菜品,热菜,
猪脚饭＋肉卷2块＋青菜＋酸菜＋卤蛋+例汤,菜品,热菜,
土豆,菜品,热菜,
秘制鸡公煲,菜品,热菜,
莲白,菜品,热菜,
经典三杯鸡,菜品,热菜,
招牌烤鱼烤巴沙鱼2人份（打包盒装）,菜品,热菜,
口水鸡,菜品,热菜,
椒盐蘑菇,菜品,热菜,
泡椒田鸡王（尊贵2斤）,菜品,热菜,
手撕包菜,菜品,热菜,
青椒爆财鱼,菜品,热菜,
骆家鸡一只,菜品,热菜,
藕带炒牛肉（本店招牌推荐）,菜品,热菜,
摇滚炒鸡单人餐,菜品,热菜,
麻辣豆腐（米饭单点）,菜品,热菜,
农家爆炒鸡（大口吃肉）,菜品,热菜,
【开业福利】红烧大鸡腿免费送（限量50个！）,菜品,热菜,
绿草地辣椒炒肉【湖南代表菜，下饭如有神】,菜品,热菜,
来一份牛杂拼牛腩煲+米饭~超值双拼！,菜品,热菜,
（嘎嘎香）猪肉炖白菜粉条+米饭,菜品,热菜,
招牌炸排骨+招牌炸肉（双拼）,菜品,热菜,
尖椒炒鸡蛋,菜品,热菜,
经典原味牛肉小锅（+蘸碟）,菜品,热菜,
糖醋··铁板鸡架（镇店之宝.忆盛京味道）,菜品,热菜,
湘西土匪鸭（带米饭）,菜品,热菜,
肉沫茄子,菜品,热菜,
铁板里脊肉片,菜品,热菜,
比其他家好吃水西门烤鸭四分之一（带卤汁）,菜品,热菜,
【火爆全网】网红瀑布土豆丝（限1份）,菜品,热菜,
素菜砂锅,菜品,热菜,
东北锅包肉小份,菜品,热菜,
老式锅包肉（精选猪里脊）假一赔十（赠送10种配菜）,菜品,热菜,
酥肉小锅（含米饭）,菜品,热菜,
黄焖地锅鸡贴饼+主食,菜品,热菜,
招牌秘制鸡公煲（小份）,菜品,热菜,
桥头排骨,菜品,热菜,
加鸡蛋,菜品,热菜,
单人份酸菜鱼 可选另外口味,菜品,热菜,
酥肉小锅 锅底可选 送一份米饭,菜品,热菜,
微锅脆皮鸡,菜品,热菜,
经典酱香牛腩煲,菜品,热菜,
猪仙人桥头炸排骨【大份】,菜品,热菜,
经典臭豆腐,菜品,热菜,
水蒸蛋（单点不送）《没饭》,菜品,热菜,
招牌特色椒盐牛蛙（大份4只）,菜品,热菜,
精品砂锅,菜品,热菜,
麻步大排,菜品,热菜,
辣椒炒肉+大米饭,菜品,热菜,
蜜汁锅包肉,菜品,热菜,
爆炒鸡肉片,菜品,热菜,
李叙青烤鸭（小小份）,菜品,热菜,
卤藕回锅牛肉,菜品,热菜,
杂烩,菜品,热菜,
酸萝卜炒黄牛肉⭐新鲜现切,菜品,热菜,
啫啫煲花菜,菜品,热菜,
烤鸭手撕烤鸭半只➕米饭➕小菜（自选）,菜品,热菜,
土豆丝,菜品,热菜,
精选烤鸭单人套餐15,菜品,热菜,
【整只推荐】现做香酥鸭一只,菜品,热菜,
十元肉排,菜品,热菜,
（本店招牌）隆江猪脚饭+时蔬,菜品,热菜,
青花椒炒鸡小份＋米饭,菜品,热菜,
小葱煎豆腐,菜品,热菜,
干拌臭豆腐（小份）,菜品,热菜,
【金字招牌】上南香酥鸡柳（大份）,菜品,热菜,
手撕鸭半只,菜品,热菜,
干炸杏鲍菇,菜品,热菜,
可乐鸡翅根2根,菜品,热菜,
干锅肥牛,菜品,热菜,
湘式小炒肉（厨师长推荐）,菜品,热菜,
鲜切生烫-吊龙,菜品,热菜,
水煮肉➕米饭,菜品,热菜,
【店铺热销TOP①】烤鸭半只（撕好）,菜品,热菜,
蚵仔煎,菜品,热菜,
西兰花/两,菜品,热菜,
招牌无骨酸菜鱼,菜品,热菜,
玉兰饼(一只),菜品,热菜,
宫保鸡丁（超好卖哦）（不含米饭）,菜品,热菜,
姜葱醋炒鸡（本店招牌推荐）,菜品,热菜,
牛肉粉丝煲,菜品,热菜,
排骨红烧,菜品,热菜,
生炒黄牛肉【门店分量，现炒】,菜品,热菜,
酸辣土豆丝 l 丝索人生,菜品,热菜,
烤羊肉串,菜品,热菜,
小～鸡公煲（不含米饭）,菜品,热菜,
经典美食-大锅菜送馒头,菜品,热菜,
老上海糖醋排条【商圈热销】,菜品,热菜,
【招牌】炸土豆（15片）,菜品,热菜,
烫地瓜叶（招牌）,菜品,热菜,
大头年糕煲,菜品,热菜,
『家喻户晓』爆炒叫堂鸡（不含米饭）,菜品,热菜,
特价4.88元烤中翅/鸡架/鱿鱼片三选一（限购一份）,菜品,热菜,
【新客品尝】沂蒙炒鸡1斤～含主食,菜品,热菜,
⭐老北京果木烤鸭(半只)【10张饼】,菜品,热菜,
⭐【传承特色】奥尔良蜜汁烤鸡（整只现烤）不辣,菜品,热菜,
（必点）招牌金汤无骨鱼单人份+配菜+1米饭,菜品,热菜,
手撕烤鸭半只➕米饭,菜品,热菜,
茄子（微辣）,菜品,热菜,
土豆条焖豆角,菜品,热菜,
爆炒一斤辣子鸡+青椒+配菜自选+米饭,菜品,热菜,
石锅黑鱼1-2人份）（不含米饭可另加配菜）,菜品,热菜,
招牌红烧肉|肥而不腻【包含米饭】,菜品,热菜,
爆炒牛肉丨炊烟小炒,菜品,热菜,
爆燥鸡公虾婆+米饭,菜品,热菜,
可乐鸡翅根,菜品,热菜,
馋嘴炭烤牛蛙【2人份】,菜品,热菜,
芙蓉水蒸蛋,菜品,热菜,
【超值单人】北京烤鸭单人份‖送饼酱葱黄瓜+炸鸭架,菜品,热菜,
刀豆炒肉丝（本店招牌推荐）,菜品,热菜,
精选香辣烤蹄,菜品,热菜,
招牌烧鹅,菜品,热菜,
【老板力荐】大份黄焖鸡+任选2个蔬菜+米饭,菜品,热菜,
番茄炒蛋【少油版】,菜品,热菜,
盐菜回锅肉（家乡味道）,菜品,热菜,
糖炒栗子(贡栗)500克,菜品,热菜,
菠菜炒蛋ツ维生素遇上蛋白质,菜品,热菜,
【强荐】蜜汁荷叶烤鸡（整只）,菜品,热菜,
脆皮香酥鸭(半只装不含米饭）,菜品,热菜,
秘制鸡公煲（不含米饭）,菜品,热菜,
地三鲜刘师傅,菜品,热菜,
凤爪,菜品,热菜,
黄石秘制土豆片（微辣）,菜品,热菜,
青椒炒肉,菜品,热菜,
脆皮五花肉（包含米饭蔬菜）,菜品,热菜,
卤煮火烧,菜品,热菜,
豆角茄子,菜品,热菜,
酱爆茄子,菜品,热菜,
【爆款】鸡丁米线,主食,粉,米线
二十一年经典牛肉粉,主食,粉,米线
招牌炸酱小锅米线,主食,粉,米线
鲜切吊龙肉酱米线,主食,粉,米线
招牌原味螺蛳粉,主食,粉,其他粉
老板推荐！炸蛋螺蛳粉（吸汁大炸蛋）,主食,粉,其他粉
【网红爆款】炸蛋螺蛳粉,主食,粉,其他粉
招牌螺蛳粉,主食,粉,其他粉
招牌鸡肉炒米粉,主食,粉,米线
鸡肉炒米粉,主食,粉,米线
招牌鸡丁米线,主食,粉,米线
鲜鱼糊汤粉,主食,粉,米线
鸡丁米线,主食,粉,米线
经典鸡肉炒米粉,主食,粉,米线
【新客专享】招牌鸡肉炒米粉+配菜+新疆馕饼,主食,粉,米线
酱香鸡肉炒米粉,主食,粉,米线
鲜牛肉番茄米线【可加辣】,主食,粉,米线
【爆款热销】黄金炸蛋+招牌柳州螺蛳粉,主食,粉,其他粉
【招牌老三样】◆ 桂林必吃经典（牛肉+锅烧+叉烧）,主食,粉,米线
酸汤生滚牛肉粉,主食,粉,米线
湿炒牛肉粿,主食,粉,米线
*老板推荐！炸蛋螺蛳粉（吸汁大炸蛋）,主食,粉,其他粉
招牌螺蛳粉（小）,主食,粉,其他粉
原味螺蛳粉,主食,粉,其他粉
招牌林科大螺蛳粉,主食,粉,其他粉
潮界湿炒牛肉河粉,主食,粉,其他粉
酸辣笋尖粉,主食,粉,米线
双蛋双肉肠粉,主食,粉,其他粉
黄金炸蛋螺蛳粉,主食,粉,其他粉
【招牌】原味螺蛳粉,主食,粉,其他粉
【 招牌老三样】  桂林必吃经典,主食,粉,米线
招牌羊肉粉,主食,粉,米线
鸭血粉丝汤,主食,粉,其他粉
老鸭粉丝汤,主食,粉,其他粉
招牌炸酱小锅米线（不好吃-包退换）,主食,粉,米线
招牌牛肉铜锅米线,主食,粉,米线
招牌老三样干捞粉,主食,粉,米线
原味鸡蛋炒粉干,主食,粉,米线
原味柳州螺蛳粉,主食,粉,其他粉
【招牌老三样】桂林必吃经典,主食,粉,米线
牛肉粉,主食,粉,米线
鸡蛋瘦肉肠粉（店长推荐）,主食,粉,其他粉
鲜鸡汤-砂锅双档粉丝汤（弄堂文化•上海特色）,主食,粉,其他粉
螺蛳粉,主食,粉,其他粉
⭐进店必吃！吸汁炸蛋螺蛳粉,主食,粉,其他粉
招牌鲜牛肉牛丸粿条汤【标准】,主食,粉,米线
招牌原味杀猪肉粉,主食,粉,米线
鸡丁米线（推荐）,主食,粉,米线
【爆款必点】酱香鸡肉炒米粉（热巴同款）,主食,粉,米线
招牌酸辣粉,主食,粉,其他粉
【爆款推荐】全家福砂锅米线,主食,粉,米线
米线糊肉羹,主食,粉,米线
【网红爆款】炸蛋螺蛳粉（爱臭宝版）,主食,粉,其他粉
花溪酸菜牛肉粉,主食,粉,米线
【网红爆款】炸蛋螺蛳粉ฅ ̳͒•ˑ̫• ̳͒ฅ♡,主食,粉,其他粉
【开业福利】招牌牛肉牛丸汤粿面,主食,粉,米线
小锅米线（无餐盒）,主食,粉,米线
鲜烫牛肉米线（清汤清淡口味）,主食,粉,米线
豆花粉丝,主食,粉,其他粉
三鲜粉（附蘸水）,主食,粉,米线
牛肉鸡蛋炒米粉（铁锅猛火爆炒）,主食,粉,米线
小锅米线,主食,粉,米线
【店铺热销】 黄金炸蛋+招牌柳州螺蛳粉,主食,粉,其他粉
花溪牛肉粉（红烧牛肉、自制酸菜）,主食,粉,米线
炸蛋螺蛳粉,主食,粉,其他粉
*裂墙推荐！炸蛋螺蛳粉（吸汁大炸蛋）,主食,粉,其他粉
牛肉雪里红扁粉（微辣）,主食,粉,米线
招牌！柳州螺蛳粉,主食,粉,其他粉
羊肉粉,主食,粉,米线
鸭血粉丝,主食,粉,其他粉
⭐️热巴同款｜鸡肉炒米粉（95%老客选择）,主食,粉,米线
经典花甲海鲜粉（送鸭血）,主食,粉,米线
酸辣笋尖米粉,主食,粉,米线
酸辣笋尖牛肉粉,主食,粉,米线
招牌柳州螺蛳粉,主食,粉,其他粉
升哥杂酱米线【点吧！不后悔】,主食,粉,米线
牛肉牛肉丸粿条,主食,粉,米线
麻辣粉丝.,主食,粉,其他粉
【本店招牌】鸡肉炒米粉（热巴同款）,主食,粉,米线
杂酱牛肉米线,主食,粉,米线
特色羊肉粉(全羊肉),主食,粉,米线
豆花米线（无汤）,主食,粉,米线
招牌升哥酸辣粉【99%顾客必点】,主食,粉,其他粉
普通菊花米线,主食,粉,米线
【经典】原味螺蛳粉,主食,粉,其他粉
招牌牛肉.炒米粉+鸡蛋.时蔬,主食,粉,米线
鸡肉炒米粉（掌柜推荐）,主食,粉,米线
【招牌闽南特色自选沙茶面/米线】很实惠！,主食,粉,米线
招牌杀猪粉•有肉有蛋/中份,主食,粉,米线
【群众推荐】招牌鸡肉炒米粉（销量Top.1）,主食,粉,米线
进店必点！招牌云南酸菜黄牛肉小锅米线,主食,粉,米线
老友猪肉扁粉,主食,粉,米线
【点评推荐】大炸蛋螺蛳粉YYDS,主食,粉,其他粉
两荤全素,主食,粉,米线
♨♨招牌鸡丁米线,主食,粉,米线
单人份（全部素菜+2种荤菜+4两米线）套餐,主食,粉,米线
⭐老板推荐⭐炸蛋螺蛳粉（吸汁大炸蛋）,主食,粉,其他粉
（热销招牌）酱香鸡肉炒米粉,主食,粉,米线
【网红爆款】炸蛋螺蛳粉YYDS,主食,粉,其他粉
城市特色菜|-吴川-招牌砂锅粉,主食,粉,其他粉
*推荐*炸蛋螺蛳粉,主食,粉,其他粉
子母粉丝（招牌必点）,主食,粉,其他粉
招牌炸酱小锅米线（五周年庆特价）,主食,粉,米线
老奶米线(小碗),主食,粉,米线
真香警告️鲜切吊龙红酸汤米粉,主食,粉,米线
鲜切牛肉肉酱米线,主食,粉,米线
【爆款】鸡丁米线（红烧鸡丁自带微辣）,主食,粉,米线
妯娌老鸭粉丝汤,主食,粉,其他粉
潮汕湿炒牛肉粿条,主食,粉,米线
大理寺五种荤菜米线【本店招牌】,主食,粉,米线
鲜肉小锅米线,主食,粉,米线
爆款｜招牌鸡肉炒米粉,主食,粉,米线
鲜肉蛋肠粉,主食,粉,其他粉
牛肉粉丝汤,主食,粉,其他粉
小锅肉酱老豆腐粉,主食,粉,米线
米粉汤,主食,粉,米线
招牌丨鲜汤螺肉螺蛳粉,主食,粉,其他粉
五谷酸辣鱼粉,主食,粉,米线
五谷酸辣渔粉（立店招牌）,主食,粉,米线
❤️招牌肥汁炸酱米线➡️酸辣得劲灵魂浓汤,主食,粉,米线
【镇店】酸菜泡椒牛肉米线,主食,粉,米线
老板推荐！炸蛋螺蛳粉,主食,粉,其他粉
16.88元锅（一人份）,主食,粉,米线
【鲜螺熬汤】经典螺蛳粉+鹌鹑蛋2个,主食,粉,其他粉
虎皮凤爪螺蛳粉,主食,粉,米线
鸡肉热米线,主食,粉,米线
特色海鲜炒粉干,主食,粉,米线
水煮肉片米线,主食,粉,米线
肉沫米粉,主食,粉,米线
好吃必嗦丨招牌原味螺蛳粉,主食,粉,其他粉
招牌炸酱小锅米线（好评福利）,主食,粉,米线
五谷招牌渔粉（店长推荐）,主食,粉,米线
招牌肉酱米线（肉酱不单放）米线单独装请备注,主食,粉,米线
阿妹羊肉粉,主食,粉,米线
招牌蒜蓉锡纸花甲【自熬蒜蓉没冲味】粉丝需单点,主食,粉,其他粉
招牌鱼粉,主食,粉,米线
原味螺蛳粉【本店招牌】,主食,粉,其他粉
贵州酸汤鲜牛肉米粉,主食,粉,米线
【本店热销】招牌羊肉粉（30克羊肉）,主食,粉,米线
砂锅米线,主食,粉,米线
招牌-雪花肥牛米线,主食,粉,米线
网红酱香鸡肉炒米粉（热巴同款）,主食,粉,米线
羊肉粉  全羊肉(门店热销),主食,粉,米线
猪肉过手米线一碗（加萝卜汤）,主食,粉,米线
升哥招牌酸辣粉【99%顾客必点】,主食,粉,其他粉
招牌炸蛋螺蛳粉,主食,粉,其他粉
大口嗦粉｜红烧牛肉码子粉,主食,粉,米线
精品粉丝（必吃超有料）,主食,粉,其他粉
鸡肉炒米粉(掌柜推荐）,主食,粉,米线
13.88元米线,主食,粉,米线
炸蛋螺蛳粉,主食,粉,米线
一荤全素一份米线,主食,粉,米线
炸蛋螺蛳粉·好吃到停不下来,主食,粉,其他粉
【招牌炸酱】小锅米线,主食,粉,米线
鸡蛋十小鲜肉银丝粉,主食,粉,米线
砂锅鲜粉,主食,粉,米线
贵阳牛腩酸汤米粉,主食,粉,米线
红油米线,主食,粉,米线
（特惠）六荤六素米线套餐,主食,粉,米线
（热巴同款）酱香鸡肉炒米粉,主食,粉,米线
招牌炸酱小锅米线【两周年特价】,主食,粉,米线
大理（五种荤菜）过桥米线7两,主食,粉,米线
麻辣鸡肉米线,主食,粉,米线
普通,主食,粉,其他粉
招牌牛肉粉（老板推荐）,主食,粉,米线
经典锡纸花甲粉,主食,粉,其他粉
【爆款】双蛋双肉肠粉,主食,粉,其他粉
❤️招牌 | 辣鸡沙煲粉,主食,粉,米线
秘制炸酱干捞米线（无汤）,主食,粉,米线
全料泡蛋粉,主食,粉,米线
米线（小锅）,主食,粉,米线
(销量第一)招牌酸辣粉,主食,粉,其他粉
鸡蛋瘦肉肠粉,主食,粉,其他粉
14元锅（一人份）,主食,粉,米线
招牌老鸭汤粉丝汤,主食,粉,其他粉
鸡肉新疆炒米粉,主食,粉,米线
(加蛋）桥头粉丝煲,主食,粉,其他粉
状元肥牛米线【肥牛＋牛肉丸】,主食,粉,米线
【乌拉拉同款⭐】徐州酱香肉酱米线,主食,粉,米线
特色猪杂老友粉,主食,粉,米线
鸡肉米线,主食,粉,米线
肉酱多多的酸辣粉,主食,粉,其他粉
鸡肉炒米粉+馕,主食,粉,米线
大嘴巴至臻招牌鸡肉酸辣粉,主食,粉,其他粉
小份过桥米线(三荤七素),主食,粉,米线
需要餐具,主食,粉,米线
陵水酸粉,主食,粉,米线
招牌羊肉粉-,主食,粉,米线
【招牌必点】云南炸酱鲜肉小锅米线,主食,粉,米线
【用心制作】招牌原味螺蛳粉,主食,粉,其他粉
复购万单！【五荤五素】炸酱米线,主食,粉,米线
牛肉粉丝,主食,粉,其他粉
白菜肠粉/不含送辣椒/备注无效,主食,粉,其他粉
本店热榜【招牌】杀猪粉,主食,粉,米线
招牌原汤螺蛳粉,主食,粉,其他粉
鸡肉炒米粉（老板推荐）,主食,粉,米线
直呼过瘾！金丝炸蛋螺蛳粉（超超超吸汁）套餐,主食,粉,其他粉
冬粉鸭,主食,粉,其他粉
嫩牛肉粿条汤(嫩肉＋4个丸子＋生菜）,主食,粉,米线
一人份,主食,粉,米线
河粉1份,主食,粉,其他粉
十年经典牛肉粉(不辣）,主食,粉,米线
鸭血粉丝（加料另点不外带）,主食,粉,其他粉
（完美推荐）瘦肉+鸡蛋+生菜+肠粉(送饮料),主食,粉,其他粉
湖头米粉（丝瓜美味可口）瘦肉羹米粉汤,主食,粉,米线
猪油拌粉,主食,粉,米线
招牌*原味螺蛳粉+6种配菜（大骨鲜汤，每日现熬）,主食,粉,其他粉
【招牌炸酱】小锅米线（进店必吃）,主食,粉,米线
鸡蛋+瘦肉肠粉,主食,粉,其他粉
【头牌】白露塘杀猪粉（小份） | 正宗湖南郴州米粉一绝,主食,粉,米线
招牌炸酱小锅米线(镇店之宝限量特价）,主食,粉,米线
鸡蛋瘦肉肠粉（酱料分装）,主食,粉,其他粉
招牌炸酱小锅米粉（汤底自带一点点辣）,主食,粉,其他粉
粉丝,主食,粉,其他粉
【网红爆款】炸蛋螺蛳粉ฅ ̳͒•ˑ̫• ̳͒ฅ♡（吸汁大炸蛋,主食,粉,其他粉
招牌花甲粉,主食,粉,其他粉
鸭血粉丝汤（中）,主食,粉,其他粉
纯手工“炸蛋”螺蛳粉,主食,粉,其他粉
鸡蛋+瘦肉+生菜肠粉,主食,粉,其他粉
【招牌爆品】锡纸花甲米线,主食,粉,米线
潮滋味牛丸牛肉粿条汤,主食,粉,米线
招牌螺蛳粉（小份）,主食,粉,其他粉
【交个朋友】招牌牛肉粉丝汤+2个烧饼+开胃小菜,主食,粉,其他粉
麻辣牛肉丝,主食,粉,米线
特色过桥米线｜6种配菜,主食,粉,米线
全部素菜+荤菜一种+米线6两☆,主食,粉,米线
酸汤砂锅粉,主食,粉,其他粉
排骨圆子细米线（小碗）,主食,粉,米线
传统米线单人份,主食,粉,米线
【招牌】原味砂锅粉面两掺,主食,粉,米线
云南小锅米线,主食,粉,米线
酸辣金汤乌鸡米线,主食,粉,米线
金汤渔粉(辣)外卖到了短信通知,主食,粉,米线
招牌三荤二素炸酱米线（爆款好评）,主食,粉,米线
云县鸡肉米线,主食,粉,米线
【多吃不胖】砂锅麻酱土豆粉,主食,粉,其他粉
川名源秀才一份荤（赠专用醋和麻油各一包）,主食,粉,米线
切粉,主食,粉,米线
【销量榜】鸡肉+素炒米粉+馕饼1/4,主食,粉,米线
✿老板推荐！炸蛋螺蛳粉（吸汁大炸蛋）,主食,粉,其他粉
鸡炒三掺,主食,粉,米线
招牌炸酱小锅米线【特惠三选一】,主食,粉,米线
招牌肉酱米线（肉酱不单放）,主食,粉,米线
南京鸭血粉丝,主食,粉,其他粉
大碗招牌炸酱小锅米线【进店必吃NO:1】,主食,粉,米线
【慢火精熬】土鸡米线,主食,粉,米线
咸肉,主食,粉,米线
金陵老鸭粉丝汤【招牌】,主食,粉,其他粉
酸菜炸酱小锅米线,主食,粉,米线
米线自选餐品,主食,粉,米线
老鸭粉丝汤〔汤粉分开〕,主食,粉,其他粉
老仓醋红米线,主食,粉,米线
招牌五谷渔粉,主食,粉,米线
湿炒牛河粉（潮汕老师傅掌勺）,主食,粉,其他粉
牛肉粿条汤,主食,粉,米线
招牌-秘制特色牛肉粉,主食,粉,米线
【复购NO·1】招牌林大螺蛳粉,主食,粉,其他粉
本店No.1 招牌杀猪粉,主食,粉,米线
【招牌】鲜牛肉牛丸粿条汤,主食,粉,米线
牛肉粉丝汤大份,主食,粉,其他粉
招牌炸酱肥牛小锅米线,主食,粉,米线
(NO.one)鱼丸大碗土豆粉,主食,粉,其他粉
【招牌】柳州螺蛳粉,主食,粉,其他粉
招牌三荤两素炸酱米线,主食,粉,米线
肉丝汤粉,主食,粉,米线
大份四荤五素米线（自选四种荤菜,主食,粉,米线
鸡肉炒米粉（小份）,主食,粉,米线
力荐|生烫牛肉粉,主食,粉,米线
网红成都泡椒牛肉粉,主食,粉,米线
荀記酸辣粉,主食,粉,其他粉
招牌干捞桂林米粉（送大骨汤）,主食,粉,米线
美味尝鲜 | 羊肉粉/面（小碗）,主食,粉,米线
精品肥牛粗米线,主食,粉,米线
酸辣土豆粉,主食,粉,其他粉
五谷酸辣渔粉（爆款）（店长推荐）★★★★★,主食,粉,米线
豪华❤大份砂锅米线(自选三种荤菜),主食,粉,米线
蔬菜米线+肥牛,主食,粉,米线
【进店必尝】招牌鸡肉炒米粉,主食,粉,米线
骨汤♥原味螺蛳粉；店长推荐,主食,粉,其他粉
大理（五种荤菜）过桥米线七两,主食,粉,米线
辣鸡粉/面（汤）,主食,粉,米线
湿炒芥兰牛肉粿,主食,粉,米线
老板推荐！吸汁大炸蛋螺蛳粉,主食,粉,其他粉
贵州水城羊肉粉,主食,粉,米线
新疆鸡肉炒米粉（招牌）,主食,粉,米线
【人气双拼】酱香鸡肉米粉+馕对半,主食,粉,米线
猪肉蛋肠,主食,粉,其他粉
砂锅两搅【双重美味】,主食,粉,其他粉
招牌米线自选一种荤菜➕米线➕素菜,主食,粉,米线
招牌过桥米线（选3种荤)‏,主食,粉,米线
素粉,主食,粉,米线
【热销】鱼豆腐蔬菜米线,主食,粉,米线
好吃必嗦|招牌*原味螺蛳粉（汤鲜料更足）,主食,粉,其他粉
酱香鸡肉米粉,主食,粉,米线
肠粉,主食,粉,其他粉
招牌林大螺蛳粉,主食,粉,其他粉
【招牌必点】花甲米线,主食,粉,米线
柳州原味螺蛳粉|点评推荐,主食,粉,其他粉
鸭血粉丝/份,主食,粉,其他粉
招牌鲜肉粉,主食,粉,米线
【必点推荐】经典鸡肉炒米粉,主食,粉,米线
赠送荤菜二份（有餐盒）,主食,粉,米线
脆皮螺蛳粉,主食,粉,其他粉
泡椒猪肝米线,主食,粉,米线
猪脚汤米粉,主食,粉,米线
招牌必点杀猪粉/面（有蛋有肉）,主食,粉,米线
招牌炸酱小锅米线（五周年特价）,主食,粉,米线
【经典必吃!!】招牌鲜肉炸酱米线,主食,粉,米线
【网红爆款】炸蛋螺蛳粉ฅ ̳͒•ˑ̫• ̳͒ฅ（吸汁大炸蛋）,主食,粉,其他粉
特惠❤️招牌原味螺蛳粉,主食,粉,其他粉
鱼丸米线,主食,粉,米线
四荤七素（一人份）,主食,粉,米线
豆角肉末酸辣粉,主食,粉,其他粉
来碗正宗柳州螺蛳粉【干饭人超爱】,主食,粉,其他粉
刘聋子红烧黄牛肉粉,主食,粉,米线
鸡蛋·瘦肉·生菜肠粉,主食,粉,其他粉
特色老坛四鲜米线,主食,粉,米线
【本店招牌】蔬菜大碗土豆粉,主食,粉,其他粉
升哥杂酱米线【99%顾客必点】,主食,粉,米线
木耳肉丝粉《清淡》,主食,粉,米线
番茄牛肉米线✨可加辣,主食,粉,米线
【招牌鲜肉炸酱】小锅米线（进店必吃）,主食,粉,米线
招牌过桥米线【选3种荤菜】‏,主食,粉,米线
炒牛肉粿,主食,粉,米线
米干/米线店里烫,主食,粉,米线
蔬菜炒米粉,主食,粉,米线
【店铺热销】爆款牛肉粉丝汤+锅贴饺5个+酥饼1个.,主食,粉,其他粉
酸辣鱼粉,主食,粉,米线
【双11特惠】招牌螺蛳粉,主食,粉,其他粉
猪脏粉,主食,粉,米线
滇味过桥米线∣人气必点,主食,粉,米线
全家福米线,主食,粉,米线
潮汕牛肉粿条,主食,粉,米线
蔬菜21元自选一种肉（一人份）,主食,粉,米线
【门店招牌】淮南牛肉粉丝汤,主食,粉,其他粉
【店铺热销】 黄金炸蛋+招牌柳州螺蛳粉（你就發發）,主食,粉,其他粉
（店铺招牌）蔬菜大碗土豆粉,主食,粉,其他粉
『大大大大大黄金炸蛋』柳州螺蛳粉+螺肉酱汁送豆腐泡,主食,粉,其他粉
砂锅肉末细米线,主食,粉,米线
【丹妮&陈哦哦到店同款】酱香鸡肉土豆丝炒米粉（口味重）,主食,粉,米线
猪肉鸡蛋虾肠粉,主食,粉,其他粉
大碗后安粉加蛋,主食,粉,米线
【招牌热销】原味林大螺蛳粉,主食,粉,其他粉
秘制 酸辣粉,主食,粉,其他粉
招牌炸酱小锅米线【墙裂推荐】,主食,粉,米线
鸡蛋炒河粉,主食,粉,其他粉
招牌螺蛳汤粉,主食,粉,其他粉
［店铺招牌］鸡肉炒米粉（热巴同款）,主食,粉,米线
柳州 螺蛳粉,主食,粉,其他粉
鲜肉牛肉丸（粿）,主食,粉,米线
鸭杂粉丝,主食,粉,其他粉
现切新鲜牛肉粗粉,主食,粉,米线
蛋肉肠粉,主食,粉,其他粉
正味番茄肥牛火锅粉,主食,粉,米线
焖汤米线中碗,主食,粉,米线
☆ 原味螺蛳粉,主食,粉,其他粉
阿哥原味螺蛳粉/小份,主食,粉,其他粉
微辣牛肉丝粉,主食,粉,米线
全套鸭血粉丝汤,主食,粉,其他粉
招牌肉酱米线•我自己炒的肉酱袄,主食,粉,米线
【镇店之宝】红烧黄牛肉粉,主食,粉,米线
芥兰湿炒牛肉粿,主食,粉,其他粉
海洋花甲粉（璀璨之选）,主食,粉,米线
招牌原味螺蛳粉品牌累计销量突破500万份,主食,粉,其他粉
肥牛过桥米线。,主食,粉,米线
鱼丸鱼豆腐米线+一片卤豆干,主食,粉,米线
原味螺蛳粉（大份）,主食,粉,其他粉
【经典人气】招牌柳州螺蛳粉,主食,粉,其他粉
酸辣笋尖粉（特色）,主食,粉,米线
15元锅（荤菜任选1种、全部素菜）,主食,粉,米线
衡阳鲜肉生氽粉,主食,粉,米线
网红炸蛋螺蛳粉‖必吃,主食,粉,其他粉
正宗云南过桥米线（一人餐）,主食,粉,米线
经典金汤鸭血粉丝（什么都有）,主食,粉,其他粉
十年经典牛肉粉,主食,粉,米线
将军鸭血粉丝汤,主食,粉,其他粉
牛肉粉丝煲,主食,粉,其他粉
[妯娌]精品老鸭粉丝,主食,粉,其他粉
泡蛋玉米粉,主食,粉,米线
肺心京粉,主食,粉,其他粉
肠粉+蛋+猪肉沫+香肠+生菜,主食,粉,其他粉
【爆款】一人量四荤四素米线,主食,粉,米线
招牌青菜类米线,主食,粉,米线
鸡丁 米线,主食,粉,米线
无影腿乌鸡米线,主食,粉,米线
羊肉米线【I细的】,主食,粉,米线
招牌鸭血粉丝（大份）套餐,主食,粉,其他粉
爆款！黄金云朵炸蛋肥汁米线,主食,粉,米线
招牌酸汤生滚牛肉粉,主食,粉,米线
双帽招牌小锅米线（鲜肉+炸酱）,主食,粉,米线
招牌老北京爆肚粉,主食,粉,米线
招牌砂锅土豆粉,主食,粉,其他粉
【潮汕必吃榜】潮汕手打牛肉丸+鲜切牛肉汤粉,主食,粉,米线
肠粉+肉末+1个鸡蛋,主食,粉,其他粉
鸡肉过桥,主食,粉,米线
［人气热销］招牌羊肉粉（大家都喜欢吃）,主食,粉,米线
稀豆粉粗米线加帽,主食,粉,米线
网红酱香鸡肉炒米粉（爆款推荐）,主食,粉,米线
招牌六味鸭血粉丝汤,主食,粉,其他粉
【进店必买】招牌老三样干捞粉,主食,粉,米线
砂锅粉,主食,粉,其他粉
镇店！酸菜泡椒牛肉米线+豆角+素菜,主食,粉,米线
麻婆子正宗麻辣牛肉米粉,主食,粉,米线
两荤米线（小料不单带）,主食,粉,米线
牛肉粉丝汤（大份）,主食,粉,其他粉
云南过桥米线（荤菜自选一种）,主食,粉,米线
校门口外婆牛肉粉丝汤,主食,粉,其他粉
原味过桥米线（任选一荤菜）,主食,粉,米线
13元米线锅,主食,粉,米线
原味螺蛳粉+网红炸蛋,主食,粉,其他粉
(秘制原味)螺蛳粉,主食,粉,其他粉
鸭血老鸭粉丝汤,主食,粉,其他粉
牛肉宽粉,主食,粉,其他粉
来了都吃的东北招牌米线锅（3荤7素菜+米线）,主食,粉,米线
4两米线➕3种自选菜➕5素菜过桥米线,主食,粉,米线
招牌原味螺蛳粉+网红炸蛋,主食,粉,其他粉
招牌凯里酸汤牛肉粉（鲜切吊龙配秘制酸汤，微辣）,主食,粉,米线
姐妹烫菜粉丝（大份）,主食,粉,其他粉
单人米线荤菜3种（加量）,主食,粉,米线
红烧牛肉粉【热销王】,主食,粉,米线
羊肉粉  全羊肉,主食,粉,米线
好吃必嗦|招牌原味螺蛳粉,主食,粉,其他粉
【招牌】爆款鸡肉炒米粉（销量NO.1）,主食,粉,米线
【招牌必点】 遵义虾子羊肉粉,主食,粉,米线
老板推荐！炸蛋螺蛳粉(吸汁大炸蛋+豆腐泡+响铃卷）,主食,粉,其他粉
原味螺蛳粉(大碗),主食,粉,其他粉
三荤五素米线七两,主食,粉,米线
【招牌热销】边关鸡肉炒米粉,主食,粉,米线
⭐老板推荐！炸蛋螺蛳粉（吸汁大炸蛋）,主食,粉,其他粉
广丰炒粉,主食,粉,米线
经典螺蛳粉,主食,粉,其他粉
【新品双拼】鸡肉米粉馕对半,主食,粉,米线
【月销破千进店必点】经典鸡肉炒米粉,主食,粉,米线
锡纸花甲粉,主食,粉,米线
老鸭粉丝煲（小碗）,主食,粉,其他粉
13元锅,主食,粉,米线
两荤四素米线小份（荤菜自选）,主食,粉,米线
【爆品】炸蛋螺蛳粉汤汁满满~,主食,粉,其他粉
遵义羊肉粉,主食,粉,米线
招牌牛肉汤粉,主食,粉,米线
辣椒炒肉汤粉,主食,粉,米线
山椒牛肉骨汤米线,主食,粉,米线
砂锅肥牛米线【老板推荐】,主食,粉,米线
经典【6种素菜+1种荤菜+7两米线,主食,粉,米线
单人份（荤菜1+米线1.5）,主食,粉,米线
自选双拼汤粉,主食,粉,米线
过云里小锅米线,主食,粉,米线
原味螺蛳粉（小份),主食,粉,其他粉
原味两掺~《微辣》,主食,粉,其他粉
双拼 | 鸡肉炒米粉+芝麻烤馕,主食,粉,米线
吸汁黄金炸蛋螺蛳粉《墙裂推荐》,主食,粉,其他粉
吸汁黄金炸蛋螺蛳粉《墙裂推荐》.,主食,粉,其他粉
贵州遵义羊肉粉,主食,粉,米线
贵州虾子羊肉粉,主食,粉,米线
酱香鸡肉炒米粉（热巴同款）,主食,粉,米线
哈灵牛蛙粉·小份（比面更好吃）,主食,粉,米线
传统原味小锅2荤全素,主食,粉,米线
一人小份一种荤菜,主食,粉,米线
【门店爆品】花甲米线,主食,粉,米线
招 牌 渔 粉/面,主食,粉,米线
招牌  原汤螺蛳粉,主食,粉,其他粉
招牌原味肠粉,主食,粉,其他粉
招牌原汤乌鸡米线,主食,粉,米线
香辣粉丝,主食,粉,其他粉
骨汤酸辣牛肉粉,主食,粉,米线
笋尖米线【酸辣的】,主食,粉,米线
招牌米线.,主食,粉,米线
招牌米线7素+6小荤,主食,粉,米线
招牌菌类米线,主食,粉,米线
招牌螺蛳粉（有肉有蛋有豆腐泡）,主食,粉,其他粉
招牌酸辣苕粉（500g量大）,主食,粉,其他粉
招牌鸭血粉丝汤（主食可换）,主食,粉,其他粉
【大家都爱吃】～招牌羊肉粉,主食,粉,米线
煮牛肉粿,主食,粉,其他粉
【NO.one】随心自选荤菜大碗土豆粉,主食,粉,其他粉
正宗云南过桥米线17.8,主食,粉,米线
精品粗粮细作（折扣）,主食,粉,米线
生滚牛肉米粉,主食,粉,米线
『爆款』招牌三鲜米线（辣的哦）,主食,粉,米线
「馋嘴诱人」过桥米线+煎蛋,主食,粉,米线
⭐️热巴同款｜鸡肉炒米粉【不好吃退款】,主食,粉,米线
⭐进店必吃！网红炸蛋螺蛳粉【神仙组合呀】,主食,粉,其他粉
沙茶米粉,主食,粉,米线
[热销榜]招牌花甲+多样配菜+米线,主食,粉,米线
火腿+金针菇+青菜+过桥米线,主食,粉,米线
炒粉干,主食,粉,米线
素菜全部+一荤（一人小份）纯骨汤米线,主食,粉,米线
13.6元米线（有餐盒）不带小料,主食,粉,米线
鸡蛋炒米粉（客家特色米粉）量足不油腻,主食,粉,米线
毛家杀猪粉(送鸡蛋 不要鸡蛋请备注),主食,粉,米线
16.8元锅全素一荤米线八两,主食,粉,米线
【骨汤现熬】招牌原味螺蛳粉,主食,粉,其他粉
瘦肉肉皮,主食,粉,米线
【冲量推荐】经典鸡肉炒米粉,主食,粉,米线
成人锅（自选2个原配菜品）,主食,粉,米线
超划算（四菜任选）再送4样配菜,主食,粉,米线
阿香番茄米线,主食,粉,米线
徐州肉酱米线（超值特惠）,主食,粉,米线
福利爆款过桥米线（6荤4素）,主食,粉,米线
招牌螺蛳粉+金丝炸蛋+虎皮鸡爪,主食,粉,其他粉
【斩男】鸡肉炒米粉「经典款」,主食,粉,米线
咖喱牛肉粉丝汤,主食,粉,其他粉
【本店招牌】酱香鸡肉炒米粉,主食,粉,米线
两荤四素中份米线（自选两荤）口味自选,主食,粉,米线
鲜磨锅,主食,粉,其他粉
五谷酸辣渔粉（爆款）,主食,粉,米线
招牌肉酱米线～本店招牌,主食,粉,米线
过桥米线1人锅,主食,粉,米线
牛肉粉条汤+泡菜一份+卤豆筋一份,主食,粉,米线
新疆鸡肉芹菜炒（米粉+馕）双拼,主食,粉,米线
烧肉米线（热）,主食,粉,米线
【尝鲜畅享】小份锡纸花甲自选主食＋配菜6选2,主食,粉,其他粉
12.99元锅,主食,粉,米线
【店铺超值】鱼丸米线（大份）,主食,粉,米线
豆腐木耳粉,主食,粉,米线
口碑招牌| 街边炒细粉【口味升级】,主食,粉,米线
鱼豆腐米线（素类）,主食,粉,米线
大碗招牌炸酱小锅米线【进店必吃N0.1】,主食,粉,米线
招牌浓汤番茄米线,主食,粉,米线
牛肉卤粉,主食,粉,米线
【特色推荐】招牌鲜肉炸酱米线,主食,粉,米线
原味❤️螺蛳粉（线下销量TOP）,主食,粉,其他粉
香辣牛肉米粉·米线,主食,粉,米线
酸菜鸡壳+粉丝,主食,粉,其他粉
秘制鸡肉炒米粉,主食,粉,米线
招牌原汤鲜肉小锅米线（微微辣）,主食,粉,米线
遵义虾子羊肉粉,主食,粉,米线
正宗甲子粉汤（加蛋）,主食,粉,米线
网红爆款⭐️炸蛋螺蛳粉,主食,粉,其他粉
【经典招牌】招牌原味螺蛳粉,主食,粉,其他粉
【招牌】一人份过桥米线（任选三种荤菜）,主食,粉,米线
『镇店招牌』酱香牛肉卤粉,主食,粉,米线
❤️老板推荐！炸蛋螺蛳粉（吸汁大炸蛋）,主食,粉,其他粉
【镇店之宝】五谷酸辣渔粉,主食,粉,米线
经典麻辣,主食,粉,其他粉
招牌鸭血粉丝汤(鸭血、鸭肝、鸭肠),主食,粉,其他粉
【招牌正宗】柳州原汤螺蛳粉,主食,粉,其他粉
【难吃包赔】酱香鸡肉炒米粉,主食,粉,米线
过桥米线,主食,粉,米线
羊肉粉  全羊肉（门店爆款）,主食,粉,米线
【裂墙推荐】炸蛋螺蛳粉（吸汁大炸蛋）,主食,粉,其他粉
（招牌）炸蛋螺蛳粉吸满汤汁,主食,粉,其他粉
【龙年大吉】鸡肉炒米粉（热巴同款）,主食,粉,米线
『店长推荐』招牌牛肉糟粕醋米线,主食,粉,米线
19.99元米线（单人小份+1荤）,主食,粉,米线
酸辣瘦肉羹土豆粉,主食,粉,其他粉
热销-经典浓香鸭血粉丝,主食,粉,其他粉
一人量米线,主食,粉,米线
必点招牌✨✨酱香鸡炒米粉【超好吃】,主食,粉,米线
红烧牛肉粉,主食,粉,米线
网红螺蛳粉（热销爆款）,主食,粉,其他粉
本店招牌 鸡肉炒米粉（热巴同款）,主食,粉,米线
阿美柳州螺蛳粉,主食,粉,其他粉
瘦肉粉,主食,粉,米线
酸辣笋尖粉,主食,粉,米粉
肥牛米线➕海带➕豆皮,主食,粉,米线
够鸭招牌粉丝汤,主食,粉,米线
【必吃榜】三姐米粉王《卤菜粉》,主食,粉,米线
鱼豆腐米线（小份）,主食,粉,米线
【爆款】鸡丁米线 （一点辣）,主食,粉,米线
传统米线,主食,粉,米线
金针菇米线,主食,粉,米线
骨汤原味螺蛳粉,主食,粉,其他粉
小诺单人餐（二荤四素380克米线）,主食,粉,米线
蔬菜大碗土豆粉,主食,粉,其他粉
招牌炸酱小锅米线【进店必吃NO.1】,主食,粉,米线
五味鸭血粉丝汤｜招牌必吃,主食,粉,其他粉
酸辣粉,主食,粉,其他粉
鸡肉拌米粉,主食,粉,米线
『本店招牌』原味螺蛳粉,主食,粉,其他粉
【镇店之宝】成都泡椒牛肉粉~百分百新鲜黄牛肉,主食,粉,米线
昆明官渡小锅米线（酸辣咸鲜·热汤）,主食,粉,米线
鲜蛋嫩滑牛肉肠粉,主食,粉,其他粉
爆款☞网红鸡肉炒米粉,主食,粉,米线
【必吃榜】黄金炸蛋螺蛳粉,主食,粉,其他粉
招牌鲜肉小锅米线,主食,粉,米线
老板极力推荐！炸蛋螺蛳粉YYDS,主食,粉,其他粉
招牌过桥米线（推荐）,主食,粉,米线
招牌过桥米线,主食,粉,米线
老鸭粉丝汤（大份）,主食,粉,其他粉
招牌老鸭粉丝汤,主食,粉,其他粉
招牌粗粉,主食,粉,米粉
经典柳州原汤螺蛳粉,主食,粉,其他粉
【深夜经典】被西餐耽误的炒米面,主食,粉,其他粉
鲜切牛肉（粉面规格自选）,主食,粉,米线
招牌炸酱小锅米线【进店必吃N0.1】,主食,粉,米线
招牌炸酱小锅米线-亏本回馈顾客,主食,粉,米线
泡细粉,主食,粉,米线
猪蹄粉干（肉）,主食,粉,米线
番茄浓汤酥肉米线,主食,粉,米线
【立店招牌】五谷酸辣渔粉,主食,粉,米线
招牌吊龙牛肉粿条,主食,粉,其他粉
招牌原味螺蛳粉、,主食,粉,其他粉
招牌卤粉（卤肉五香/酱香随机）,主食,粉,米线
真·精品牛杂粉/面【含牛肉+板筋+牛肚，不含心肝肺！】,主食,粉,米线
招牌传统柳州螺蛳粉,主食,粉,其他粉
【销售冠军】金针菇+肥牛4卷+鱼丸+豆腐泡过桥米线,主食,粉,米线
海高麻辣土豆粉,主食,粉,其他粉
鸡肉米粉+馕对半,主食,粉,米线
抚州香辣牛肉汤粉（招牌必点）,主食,粉,米线
随心自选荤菜大碗土豆粉,主食,粉,米线
一人份荤菜自选两种,主食,粉,米线
阿香过桥米线,主食,粉,米线
阿哥原味螺蛳粉小份,主食,粉,其他粉
门店爆款‼️丨炸蛋螺蛳粉,主食,粉,其他粉
镇店之宝·臊子米粉,主食,粉,米线
锡纸花甲粉自选3样配菜,主食,粉,其他粉
状元米线,主食,粉,米线
二十年经典牛肉粉,主食,粉,米线
酸辣老鸭粉丝汤,主食,粉,其他粉
牛肉粉丝（带包装）,主食,粉,其他粉
小份过桥米线（热销爆款三荤）,主食,粉,米线
（老板推荐）新疆爆辣炒米粉,主食,粉,米线
1荤5素菜（4两米线）（盒装）,主食,粉,米线
蛋肉肠,主食,粉,其他粉
酸辣渔粉【爆款】,主食,粉,米线
大鼓鲜粒番茄米线+鸡柳+小酥肉,主食,粉,米线
酸菜鸡肉炒米粉,主食,粉,米线
大理寺招牌米线锅（3荤7素菜2份米线）,主食,粉,米线
13元米线（青菜锅不含调料套装）,主食,粉,米线
塘杀猪粉·有蛋有肉·郴州圆粉,主食,粉,米线
全套老鸭粉丝汤,主食,粉,其他粉
酸汤肥牛米线【招牌爆款】微辣,主食,粉,米线
四种素菜一种荤菜（半份）米四两,主食,粉,米线
酱香米线,主食,粉,米线
吸汁黄金炸蛋螺蛳粉【墙裂推荐】,主食,粉,其他粉
【4周年特惠】鸡肉炒米粉+自选小吃+饮料,主食,粉,米线
【现炒】鸡蛋鲜肉汤粉,主食,粉,米线
泡菜鸡肉炒米粉,主食,粉,米线
「店长推荐」招牌泡蛋粉+三兄弟,主食,粉,米线
原味螺狮粉,主食,粉,其他粉
牛腩+笋尖双拼粉（套餐）,主食,粉,其他粉
油辣壳牛肉粉,主食,粉,米线
招牌鸡肉炒米粉（凝聚10年匠心只做一碗粉）,主食,粉,米线
【南昌风味】经典拌粉（送黄瓜丝肉沫花生米）,主食,粉,米线
肉酱酸汤米线,主食,粉,米线
招牌米线+荤菜两种（随机）套餐,主食,粉,米线
砂锅麻辣米线【好吃实惠】,主食,粉,米线
（爆推）六荤七素米线,主食,粉,米线
经典牛肉炒粉,主食,粉,米线
一人份小锅米线,主食,粉,米线
红酸汤鲜肉米线（含木姜子油，不喜慎点哦）,主食,粉,米线
鸡汤米线+自选两荤,主食,粉,米线
【镇店之宝】状元过桥米线,主食,粉,米线
【招牌推荐】鸡骨浓汤酸辣粉,主食,粉,其他粉
招牌皮蛋瘦肉粥,主食,粥,
皮蛋瘦肉粥,主食,粥,
番薯粥,主食,粥,
地瓜粥,主食,粥,
小米粥,主食,粥,
八宝粥,主食,粥,
皮蛋瘦肉粥「销量冠军」,主食,粥,
️️招牌皮蛋瘦肉粥,主食,粥,
招牌地瓜粥,主食,粥,
招牌！皮蛋瘦肉粥,主食,粥,
皮蛋瘦肉粥【招牌】,主食,粥,
【招牌】谷养元八宝粥（专锅现熬3.5小时）,主食,粥,
白粥,主食,粥,
谷养元八宝粥,主食,粥,
营养地瓜粥（大碗）,主食,粥,
南瓜粥,主食,粥,
白粥（稀饭）（新米上市）,主食,粥,
营养肉粥3件套,主食,粥,
绿豆粥,主食,粥,
矿泉水白粥,主食,粥,
谷连天八宝粥,主食,粥,
❤皮蛋瘦肉粥【松花蛋】,主食,粥,
大碴粥（原味）,主食,粥,
皮蛋瘦肉粥（咸味）,主食,粥,
皮蛋瘦肉粥（送小菜）,主食,粥,
三米镇店自选4样：自由精选套餐,主食,粥,
白粥（大碗）,主食,粥,
❤️皮蛋瘦肉粥【松花蛋】,主食,粥,
地瓜稀饭,主食,粥,
骨头粥,主食,粥,
内蒙小米粥「营养暖胃」,主食,粥,
营养小米粥,主食,粥,
鸭仔粥底（必点）,主食,粥,
皮蛋瘦肉粥【肉蛋满满】,主食,粥,
稼享八宝粥,主食,粥,
养生小米粥,主食,粥,
谷养元八宝粥（甜）,主食,粥,
招牌八宝粥(甜),主食,粥,
正宗古法八宝粥（3.5小时古法熬制）,主食,粥,
八宝粥（含糖）不接受备注,主食,粥,
皮蛋瘦肉砂锅粥（1人份）,主食,粥,
1人份自选3拼砂锅粥,主食,粥,
️招牌皮蛋瘦肉粥,主食,粥,
皮蛋瘦肉粥（皮蛋多肉也多）,主食,粥,
【爆款】皮蛋瘦肉粥,主食,粥,
大碗赞稼八宝粥（喝前搅一搅）,主食,粥,
营养皮蛋瘦肉粥（招牌）,主食,粥,
厚弥鱿鱼鲜虾粥,主食,粥,
【特惠】皮蛋瘦肉粥（中份）,主食,粥,
皮蛋燕麦粥,主食,粥,
粥之经典—皮蛋瘦肉粥,主食,粥,
新皮蛋瘦肉粥加青菜,主食,粥,
皮蛋瘦肉粥（咸口）,主食,粥,
鸭仔粥（大）,主食,粥,
一碗满足！皮蛋瘦肉粥,主食,粥,
现选现切现煮猪杂粥（1人份）,主食,粥,
招牌｜皮蛋瘦肉粥,主食,粥,
窝蛋牛肉砂锅粥（1人份）,主食,粥,
皮蛋 瘦肉粥,主食,粥,
番薯粥（大碗）,主食,粥,
清香白米粥,主食,粥,
万粥之王!皮蛋瘦肉粥,主食,粥,
双拼自由搭配超神砂锅粥（一人份）1250ML,主食,粥,
皮蛋瘦肉粥（皮蛋融化在粥里好香啊）,主食,粥,
招牌番薯粥,主食,粥,
皮蛋瘦肉益胃粥,主食,粥,
现熬白粥,主食,粥,
招牌皮蛋瘦肉生滚粥/位,主食,粥,
杂猪红粥,主食,粥,
健康白粥（大碗）,主食,粥,
番茄菠菜牛牛粥「燕麦粥底」,主食,粥,
招牌八宝粥,主食,粥,
爆品！一碗神仙皮蛋瘦肉粥,主食,粥,
双拼自由搭配砂锅粥（1人份）送花生米,主食,粥,
招牌！皮蛋瘦肉粥（一整颗皮蛋）,主食,粥,
慢熬小米粥,主食,粥,
八宝粥 【没有无糖】,主食,粥,
招牌⽪蛋瘦⾁粥,主食,粥,
五谷粥（甜）,主食,粥,
【加量版肉满多】新鲜猪杂粥【大份量】,主食,粥,
八宝粥(三个半小时精心熬制）1,主食,粥,
活虾砂锅粥（镇店之宝）爆款,主食,粥,
鲜虾砂锅粥,主食,粥,
必点（皮蛋瘦肉粥）,主食,粥,
招牌|皮蛋瘦肉粥yyds,主食,粥,
咸粥-任选三样料,主食,粥,
粢饭糕,甜点,糕点,
纯草莓大串冰糖葫芦,甜点,糕点,
无核山楂大串冰糖葫芦,甜点,糕点,
桂花糖炒栗子（500克栗子+20克预防坏果）520克,甜点,糕点,
山药豆冰糖葫芦,甜点,糕点,
糯米夹心糖葫芦,甜点,糕点,
网红炸粿条,甜点,糕点,
囍食烧仙草,甜点,糖水/炖品,
招牌自选五料甜汤,甜点,糖水/炖品,
桂花酒酿圆子羹（特价）,甜点,糖水/炖品,
花生汤加蛋,甜点,糖水/炖品,
校园甄选芋泥饱饱碗,甜点,糖水/炖品,
【镇店之宝】老青岛甜沫,甜点,糖水/炖品,
银耳汤（限1份多点不送),甜点,糖水/炖品,
麦麦大满贯,甜点,糖水/炖品,
妈妈的核桃蛋汤,甜点,糖水/炖品,
海南椰汁清补凉,甜点,糖水/炖品,
下午茶丨任意千层蛋糕切块2块,甜点,蛋糕,
【小森林&春夏秋冬系列6英寸蛋糕】,甜点,蛋糕,
【赠】经典水煮豆肠1个（每单一份，多点不送）,甜点,蛋糕,
必点榜丨半糖·招牌榴莲千层蛋糕切角,甜点,蛋糕,
【赠】撒尿牛丸1个（每单一份，多点不送）,甜点,蛋糕,
ins风草莓生日蛋糕,甜点,蛋糕,
蛋卷,甜点,酥点,
上海老羌饼（小份）,甜点,酥点,
大王锅贴二两【8个】,主食,锅贴,
胡记特色锅贴2两（8只）,主食,锅贴,
鲜肉锅贴,主食,锅贴,
锅贴（1两4只）,主食,锅贴,
锅贴（会变软！盖子剪了洞！）,主食,锅贴,
汪师傅特色锅贴(1两4只）,主食,锅贴,
锅贴1.5两/6只,主食,锅贴,
锅贴/4只,主食,锅贴,
胡记锅贴8只,主食,锅贴,
汪记大王锅贴三两(12只),主食,锅贴,
鲜肉锅贴（1两/五个）,主食,锅贴,
锅贴4只,主食,锅贴,
2两大王锅贴（8个）,主食,锅贴,
特色锅贴 1两 （4只）,主食,锅贴,
胡记招牌锅贴3两（12只）,主食,锅贴,
鲜肉锅贴2两*8只,主食,锅贴,
牛肉锅贴（5个）,主食,锅贴,
肉三鲜锅贴,主食,锅贴,
弄堂锅贴3两 无葱姜,主食,锅贴,
小杨锅贴,主食,锅贴,
美味锅贴,主食,锅贴,
牛肉锅贴,主食,锅贴,
双拼锅贴生煎（6只）,主食,锅贴,
弄堂锅贴2两 白肉 无葱姜,主食,锅贴,
招牌锅贴15个,主食,锅贴,
弄堂锅贴1两 无葱姜,主食,锅贴,
胡记锅贴二两（8只）,主食,锅贴,
胡记锅贴（二两/八只）,主食,锅贴,
汪记大王锅贴二两8只,主食,锅贴,
大王锅贴1.5两【6个】,主食,锅贴,
弄堂锅贴2两 无葱姜,主食,锅贴,
小李锅贴,主食,锅贴,
汪师傅特色锅贴1两4只,主食,锅贴,
大片牛腱子兰州牛肉面,主食,面,汤面
牛骨清汤牛肉面,主食,面,汤面
爷爷的炸酱面,主食,面,其他面
方便面,主食,面,其他面
肉丝炒面,主食,面,炒面
招牌茄汁面,主食,面,汤面
小街牛杂面,主食,面,汤面
招牌牛肉面,主食,面,汤面
【霸气宠粉】黏糊两掺砂锅面+荤素搭配,主食,面,汤面
需要餐具,主食,面,拌面
排骨豆角焖面（单人份）,主食,面,焖面
干挑麦面,主食,面,拌面
面线糊（大份）,主食,面,汤面
面线糊,主食,面,汤面
酸菜排骨面（普通大碗）,主食,面,汤面
【招牌自选沙茶面/米线/米粉/米饭】很实惠！,主食,面,汤面
杂面条,主食,面,汤面
襄阳牛肉面,主食,面,汤面
排骨鲜豆角焖面,主食,面,焖面
经典意式肉酱意面,主食,面,意大利面
招牌肉丝面（热销）,主食,面,汤面
烤冷面+鸡蛋+鸡柳+火鸡面+芝士,主食,面,其他面
纯肉炸酱,主食,面,其他面
炸酱面,主食,面,其他面
热干面,主食,面,其他面
雪菜鲜牛肉面/年糕/米线/粉丝汤,主食,面,汤面
排骨鲜豆角焖面单人锅（不能另加面条）,主食,面,焖面
【镇店招牌】一拼香韩式炸酱面,主食,面,其他面
招牌四合一（瘦肉+油泼+西红柿鸡蛋+素臊子）,主食,面,拌面
雪菜鲜牛肉年糕/面条/粉丝/米线,主食,面,汤面
红烧牛肉拉面,主食,面,拉面
河南焖面，全网销量第一,主食,面,焖面
状元捞面,主食,面,其他面
【福利】六荤六素➕方便面,主食,面,其他面
阿一猪扒酸辣米线/乌冬/拉面,主食,面,乌冬面
【特价火鸡面】送招牌火鸡面大份（点多也是一份）,主食,面,其他面
爆香牛杂拌面【本店热销】,主食,面,拌面
面线糊（中份）,主食,面,汤面
襄阳特色牛肉面,主食,面,汤面
小馆 辣肉面,主食,面,汤面
莆仙卤面,主食,面,汤面
大份面线糊（必选商品）,主食,面,汤面
沙茶面,主食,面,汤面
椒麻鸡拌面（鸡肉+八种配菜+面）,主食,面,拌面
【经典之作】黏糊糊砂锅面+荤素搭配,主食,面,汤面
奶油黑椒培根鸡肉意面,主食,面,意大利面
臊面,主食,面,汤面
【招牌必点】蟹黄Q弹虾仁捞面,主食,面,其他面
爆炒猪肝面,主食,面,盖浇面
肉丝面,主食,面,汤面
招牌牛肉板面,主食,面,其他面
陈老四牛肉粉面,主食,面,汤面
特色四合一（干拌面）,主食,面,拌面
曹氏方便面,主食,面,其他面
飘香拌面,主食,面,拌面
自选打卤面,主食,面,拌面
灭霸烤冷面（双蛋双肠）量大管饱！,主食,面,其他面
芝士肉酱焗意面,主食,面,意大利面
❤️网红款肥汁炸酱米线➡️4款粉面类型可选✔️,主食,面,汤面
芝士肉酱焗意粉,主食,面,意大利面
招牌泡菜朝鲜面【经典】,主食,面,汤面
招牌三鲜打卤面+菜码,主食,面,盖浇面
{超满足} 可自选双拼面(10种面类),主食,面,拌面
牛肉卤面,主食,面,焖面
红烧牛肉汤面,主食,面,汤面
拌面,主食,面,拌面
李先生牛肉面,主食,面,汤面
★★方便面★★（单点不送）,主食,面,其他面
片儿川,主食,面,汤面
臊子干拌面,主食,面,拌面
鸡架拌面,主食,面,拌面
雪菜鲜牛肉汤面、年糕/粉丝/米线,主食,面,汤面
河南牛肉烩面,主食,面,其他面
加个鸡蛋炒进去,主食,面,炒面
兰州传统牛肉面,主食,面,汤面
风味香锅面（炒入锅内）,主食,面,炒面
香辣鸡肉拌粉面,主食,面,拌面
老谷家麻鸭面（微辣）,主食,面,汤面
招牌鲜切打卤面,主食,面,拌面
羊杂面,主食,面,汤面
正宗襄阳牛肉面/粉,主食,面,汤面
板面大碗（赠送一个鸡蛋）,主食,面,其他面
肉丝拌川（加点料更好吃哦)...,主食,面,拌面
卤牛肉云吞汤面,主食,面,其他面
酱香朝鲜面❤️,主食,面,凉面
特色皮肚三鲜面,主食,面,汤面
特色鸡架拌面,主食,面,拌面
【网红混酱】鲜虾蟹籽云吞干拌面,主食,面,其他面
素什锦焖面（单人份）,主食,面,焖面
짱거리韩式炸酱面（可选口味）,主食,面,其他面
◆◆秘制热拌炸酱面,主食,面,其他面
番茄鸡蛋打卤面,主食,面,汤面
泉州面线糊,主食,面,汤面
吴再添拌面,主食,面,拌面
海鲜捞面,主食,面,其他面
招牌卤肉拌面【经典美味】,主食,面,焖面
（本店爆款）山野菜杂面条（吃邢中原杂面条，在中原您就是行）,主食,面,拌面
【招牌】精肉豆角铁锅焖面,主食,面,焖面
骨汤烩麻食,主食,面,汤面
传统牛肉面（毛细）不要辣椒需备注,主食,面,汤面
全家福,主食,面,汤面
养生菌王面,主食,面,汤面
【猛冲销量】大盘鸡加肉拌面（拉条子）大碗拌面吃着更爽,主食,面,拌面
沙茶浓汤还有面（面+汤）,主食,面,汤面
鲜虾蟹籽云吞面,主食,面,其他面
招牌四合一（瘦肉+油泼+西红柿鸡蛋+素臊子）,主食,面,其他面
招牌四合一（瘦肉+西红柿鸡蛋+素臊子+油泼）,主食,面,其他面
招牌牛肉兜汤粉面,主食,面,汤面
招牌羊肉烩面,主食,面,其他面
黏糊两掺砂锅面,主食,面,汤面
番茄汁拌川（干面·偏甜口）,主食,面,拌面
羊肉板面,主食,面,其他面
『镇店头牌』排骨土豆豆角焖面,主食,面,焖面
鸡蛋烤冷面（任选三拼）,主食,面,其他面
【小份】辣子鸡拌面【唇齿留香】,主食,面,拌面
小谭刀削面大份,主食,面,其他面
招牌椒麻鸡拌面,主食,面,拌面
烩面,主食,面,其他面
经典香菇老碗面,主食,面,拌面
火鸡面+无骨炸鸡+饮料,主食,面,其他面
牛肉炒刀削面,主食,面,其他面
   《【方便面】》,主食,面,其他面
酸汤酥肉加烩面,主食,面,其他面
招牌骨汤牛肉拉面细面（面粗直径约0.2cm）（送醋辣椒油）,主食,面,汤面
灵魂方便面,主食,面,其他面
【爆款推荐】福州鱼丸+肥牛+火腿肠沙茶面/米线/米粉/米饭,主食,面,汤面
泡面,主食,面,其他面
干挑,主食,面,拌面
花生酱拌面,主食,面,拌面
板面小碗细（赠送一个鸡蛋）,主食,面,其他面
招牌牛肉+牛筋丸汤粉面,主食,面,汤面
鸡腿拌面（热面）,主食,面,拌面
排骨豆角焖面单人锅赠小咸菜,主食,面,焖面
格拉条一碗,主食,面,拌面
吴再添沙茶面（配瘦肉+豆干，若豆干售馨将鸭血代替）,主食,面,汤面
牛肉面,主食,面,汤面
小炒黄牛肉拌面,主食,面,拌面
玉米面条（细）（含打包盒）,主食,面,汤面
【经典之作】黏糊糊砂锅面+荤素搭配,主食,面,其他面
炒鸡面单人份,主食,面,炒面
原味卤肉面/粉,主食,面,汤面
板面大碗细（赠送一个鸡蛋）,主食,面,其他面
（肉丝）玉米拌面《玉米粗粮，减肥首选》,主食,面,拌面
【yyds】辣椒炒肉湿蒸拌面｜（配拌汤）（正宗螺丝椒）,主食,面,拌面
阿意酸辣面,主食,面,汤面
招牌双蛋双面烤冷面,主食,面,其他面
特色车仔面,主食,面,其他面
麻辣面,主食,面,汤面
【镇店之宝】三鲜面,主食,面,汤面
格拉条,主食,面,拌面
面线糊（清糊）,主食,面,汤面
方便面@@@@@@@@@@@@,主食,面,其他面
五花肉豆角蒸面,主食,面,焖面
烤冷面热狗肠（微辣酱）,主食,面,其他面
吴再添卤面（配灌肠+叉烧肉）,主食,面,汤面
海鲜面,主食,面,汤面
招牌四合一（精肉+西红柿鸡蛋+油泼+素臊子）,主食,面,其他面
砂锅两掺面,主食,面,汤面
爆肚面,主食,面,盖浇面
小街麻酱鸡丝拌面,主食,面,拌面
牛肉拉面（汤面分离）,主食,面,拉面
方便面（正常版）,主食,面,其他面
『全家福炒面』牛柳+培根+里脊+腊肠+三素,主食,面,炒面
【 热销好面】香干肉丝干拌面（劲道）,主食,面,拌面
【不挑菜】招牌款三种面（热销）,主食,面,汤面
【灵魂泡面】非油炸,主食,面,其他面
冷面夹臭豆腐（白豆腐）,主食,面,其他面
厚切牛肉面,主食,面,汤面
厦门沙嗲面,主食,面,汤面
孜然炒细面,主食,面,炒面
海鲜鸡屎藤面,主食,面,汤面
烤冷面双面皮＋蛋＋菜＋热狗,主食,面,其他面
素什锦焖面单人,主食,面,焖面
过油肉拌面,主食,面,拌面
需要餐具,主食,面,凉面
面线糊(一份),主食,面,汤面
香辣肥牛拌面【酱足多汁】,主食,面,拌面
徐工院必吃榜小馆特色 羊杂面,主食,面,汤面
招牌蒸面+绿豆汤,主食,面,焖面
生爆牛肉面or兰溪粉干,主食,面,汤面
牛筋面,主食,面,其他面
招牌豚骨叉烧拉面『爆款热卖！』,主食,面,拉面
重庆碗杂小面（镇店之宝）,主食,面,汤面
大碗板面,主食,面,其他面
鲜吊龙牛肉面【店铺爆品】,主食,面,汤面
土豆丝干拌面,主食,面,拌面
火腿肠蛋炒泡面,主食,面,其他面
嫩笋炒肉拌面,主食,面,拌面
大碗板面细,主食,面,其他面
特色格拉条大,主食,面,拌面
小碗板面,主食,面,其他面
秘制葱油拌面,主食,面,拌面
小街牛肉面,主食,面,汤面
秘制卤【大排】汤面,主食,面,汤面
牛肉酱爆刀削面,主食,面,其他面
划炒鸡柳面,主食,面,炒面
干馏豌杂面,主食,面,拌面
韩式炸酱面,主食,面,其他面
网红方便面,主食,面,其他面
葱油鸡汁拌面,主食,面,拌面
人气美食～泡面,主食,面,其他面
鸡丝凉拌面,主食,面,拌面
鸡蛋面,主食,面,汤面
炸酱面,主食,面,拌面
大碗麻辣烫（微辣）,主食,面,其他面
【肉肉超多】红烧牛腩拌面,主食,面,拌面
️【97.8%顾客的选择】鲜切打卤面（卤7选2）,主食,面,拌面
招牌BiangBiang面,主食,面,拌面
黑热干面,主食,面,其他面
招牌三鲜打卤面,主食,面,盖浇面
刀削面砂锅,主食,面,其他面
招牌生吐司【生吐司中的天花板】,甜点,面包,
海盐奶油卷,甜点,面包,
抹茶黄油豆馅,甜点,面包,
红豆肉粉松吐司,甜点,面包,
红豆肉粉松吐司（当天现烤）,甜点,面包,
酸菜油滋拉「就爱这口.回忆无穷」,甜点,面包,
黄油牛角面包,甜点,面包,
斑斓神户布丁吐司(新鲜斑斓叶榨汁),甜点,面包,
黄油豆馅面包,甜点,面包,
蜂蜜奶酪面包片,甜点,面包,
喜马拉雅海盐卷,甜点,面包,
盐面包,甜点,面包,
招牌高级吐司,甜点,面包,
大大大肉松卷（原味）,甜点,面包,
大米面包,甜点,面包,
福吉柔吐司,甜点,面包,
肉桂卷,甜点,面包,
抹茶麻薯克林姆（茶室yabukita）,甜点,面包,
桑葚乳酪,甜点,面包,
软fufu｜日式牛奶卷,甜点,面包,
元气生吐司,甜点,面包,
崎本元气生吐司,甜点,面包,
脆皮鸡腿饭,主食,饭,盖浇饭
招牌自选双拼盖码饭,主食,饭,盖浇饭
胡萝卜土豆炖牛腩焖饭,主食,饭,焖饭
大块牛肉饭,主食,饭,盖浇饭
【现炸现出】劲脆鸡排の咖喱蛋包饭,主食,饭,其他饭
姬松茸鸡汤饭,主食,饭,泡饭
烤牛肉石锅拌饭,主食,饭,拌饭
古早招牌猪脚饭【进店必点】,主食,饭,盖浇饭
『爆款!!必吃』自选双拼·咖喱蛋包飯#,主食,饭,其他饭
两荤两素任你选【贼阔气】+2荤2素自选（饭管够儿）,主食,饭,盖浇饭
米饭,主食,饭,白米饭
【本店特色】招牌烤肉拌饭（选4种小菜）,主食,饭,拌饭
隆江猪脚饭,主食,饭,盖浇饭
自选三拼‖三拼煲仔饭+时蔬,主食,饭,煲仔饭
【招牌好吃】辣椒炒肉煲仔饭ぃ辣椒比肉还好吃,主食,饭,煲仔饭
【超大鸡腿】招牌鸡腿饭,主食,饭,其他饭
嫩滑蛋羹【鸡胸肉】杂粮拌饭,主食,饭,拌饭
去山野·鲜烤牛里脊生菜拌饭,主食,饭,拌饭
招牌隆江猪脚饭,主食,饭,盖浇饭
【二荤二素】饭盒荤素自选【本店招牌】,主食,饭,其他饭
【本店招牌】辣椒炒肉盖码饭,主食,饭,盖浇饭
烤牛肉拌饭,主食,饭,拌饭
【经 典】隆江猪脚饭,主食,饭,盖浇饭
招牌烧鸭饭,主食,饭,盖浇饭
哈灵招牌牛蛙饭,主食,饭,盖浇饭
【轻奢套餐】两荤两素自选套餐,主食,饭,其他饭
【二荤二素】饭盒荤素自选【本店招牌】（含米饭）,主食,饭,其他饭
『豪华顶配』七荤八素大满贯蛋炒饭｜每口有肉,主食,饭,炒饭
【现炸现切】劲脆鸡排の咖喱蛋包饭,主食,饭,其他饭
自选双拼盖码饭,主食,饭,盖浇饭
招牌番茄肥牛捞饭（多配菜+米饭）『营养开胃』,主食,饭,捞饭
两荤两素,主食,饭,其他饭
稻花香瓦锅饭,主食,饭,煲仔饭
【老板推荐】隆江猪脚饭（大份多肉）,主食,饭,盖浇饭
【吉列】厚切猪排の咖喱蛋包饭,主食,饭,其他饭
每天热卖（9999份）超大大大脆皮鸡腿便当(送炖蛋或汤),主食,饭,盖浇饭
自选双拼|任意两菜,主食,饭,盖浇饭
爆款番茄肥牛捞饭（多配菜➕米饭）【营养开胃】,主食,饭,捞饭
【招牌必点】正宗隆江猪脚饭,主食,饭,盖浇饭
[镇店之宝]招牌猪脚饭广东省省饭,主食,饭,盖浇饭
【干饭头牌】自选老式烧烤双拼拌饭+多种烤时蔬,主食,饭,拌饭
二荤一素,主食,饭,其他饭
照烧鸡牛肉双拼饭,主食,饭,盖浇饭
【招牌】牛油拌范®（牛油拌饭）,主食,饭,拌饭
一荤两素（送米饭）,主食,饭,其他饭
人气自选双拼煲仔饭,主食,饭,煲仔饭
优质东北长粒香米########,主食,饭,白米饭
豪华布法罗烤鸡腿肥牛双拼饭,主食,饭,盖浇饭
一荤两素,主食,饭,其他饭
鸡腿饭【必点爆款】,主食,饭,盖浇饭
《招牌必点》10秒鲜切牛肉双拼饭 「鲜切牛肉➕牛腩」,主食,饭,盖浇饭
双拼焗饭,主食,饭,焗饭
强烈推荐/土豆泥卤肉饭+半个卤蛋,主食,饭,盖浇饭
金牌猪脚饭,主食,饭,盖浇饭
【二荤二素】饭盒荤素自选（含米饭）,主食,饭,其他饭
招牌猪脚饭(进店必点),主食,饭,盖浇饭
鸭肠炒饭,主食,饭,炒饭
鸡腿饭【必点爆款】,主食,饭,其他饭
（美味特惠）一碗正宗隆江猪脚饭,主食,饭,盖浇饭
【招牌好吃】辣椒炒肉煲仔饭ぃ辣椒比肉还好吃~,主食,饭,煲仔饭
（老板力荐）隆江猪脚套饭,主食,饭,盖浇饭
招牌正宗广东隆江猪脚饭*【时蔬+半个卤蛋+神仙汤】,主食,饭,盖浇饭
老太太石锅拌饭,主食,饭,拌饭
招牌隆江猪脚饭（肘子饭）,主食,饭,盖浇饭
〖便宜吃好〗两荤两素（含米饭）,主食,饭,盖浇饭
一荤两素盒饭（只能选三种菜）,主食,饭,其他饭
烤鸭拌饭,主食,饭,拌饭
【二荤二素】饭盒荤素自选（含米饭）【本店招牌】,主食,饭,其他饭
【八星招牌】明星产品8选2大王饭 ！,主食,饭,盖浇饭
【两荤一素】三拼大口吃肉，随心选择~含米饭,主食,饭,盖浇饭
牛脸颊肉拌饭,主食,饭,拌饭
招牌辣椒瘦肉盖饭,主食,饭,盖浇饭
蛋炒饭,主食,饭,炒饭
【招牌主推！】五香生炸大鸡腿+鸡腿肉拌饭,主食,饭,拌饭
白米饭,主食,饭,白米饭
【必吃榜t0p1】土豪哥哥豪华2荤自选➕1精选配菜,主食,饭,其他饭
『爆款三拼』两荤一素套餐（含米饭）,主食,饭,其他饭
谷饲烤牛肉拌饭,主食,饭,拌饭
自选三荤｜食神煲仔饭,主食,饭,煲仔饭
打抛猪肉饭,主食,饭,盖浇饭
随心选双拼擂椒拌饭,主食,饭,拌饭
〖两荤两素〗饭格子#荤素自选,主食,饭,其他饭
【人气】日式厚切猪排の咖喱蛋包饭,主食,饭,其他饭
蛋黄牛油拌饭【满油咸蛋黄酱】,主食,饭,拌饭
白米饭【一个菜限2份】,主食,饭,白米饭
任意双拼饭{含米饭.送素菜｝,主食,饭,盖浇饭
加米饭,主食,饭,白米饭
自选双拼饭,主食,饭,盖浇饭
卤鸡腿拌饭,主食,饭,拌饭
〖两荤两素〗饭格子⭐荤素自选,主食,饭,其他饭
巴西烤肉脆皮鸡双拼饭,主食,饭,拌饭
一碗焖汁红烧牛腩饭,主食,饭,盖浇饭
猪脚饭拼小吃,主食,饭,盖浇饭
米饭一两（三岭可送楼下）,主食,饭,白米饭
特惠广东正宗隆江猪脚饭⭐⭐〔配菜+半个卤蛋+神仙汤〕,主食,饭,盖浇饭
金烤吊烧鸭三拼饭,主食,饭,盖浇饭
鸭腿套饭（推荐）,主食,饭,其他饭
金牌烧鸭饭,主食,饭,盖浇饭
颠覆想象 | 双倍五香牛肉蛋炒饭,主食,饭,炒饭
招牌牛丼肥牛饭,主食,饭,盖浇饭
『必須招牌!!』香酥鸡排·咖喱蛋包飯#,主食,饭,其他饭
小份烤鸭饭(带1份米饭),主食,饭,盖浇饭
（颠覆想象）孜然双倍牛肉蛋炒饭,主食,饭,炒饭
任意两拼！17选2长沙爆炒木桶饭,主食,饭,木桶饭
【点评推荐】陈栗记牛腩饭,主食,饭,盖浇饭
自选土豪三拼煲仔饭,主食,饭,煲仔饭
【特色招牌】肉丝爆鱿鱼煲仔饭ぃ鲜滴勒！,主食,饭,煲仔饭
【高配】小林全腿饭,主食,饭,盖浇饭
瓦香鸡➕米饭,主食,饭,其他饭
招牌爆品隆江猪脚饭（中份）,主食,饭,盖浇饭
湖南小炒肉拌饭,主食,饭,拌饭
套餐A｜自选1荤＋1素＋1白米饭,主食,饭,其他饭
大碗盖浇饭自选两荤一素,主食,饭,盖浇饭
鸡腿套餐饭,主食,饭,其他饭
招牌瓦香鸡米饭,主食,饭,其他饭
竹荪鸡汤饭,主食,饭,泡饭
老太太肥牛拌饭,主食,饭,拌饭
椒麻鸡腿饭,主食,饭,盖浇饭
【广东名吃】招牌隆江猪脚饭{去骨蹄膀肉},主食,饭,盖浇饭
米饭｜优质东北大米,主食,饭,白米饭
招牌隆江猪脚饭肘子,主食,饭,盖浇饭
两荤任你选【这菜老硬了】+2荤1素自选（饭管够儿）,主食,饭,盖浇饭
猪肘饭（一个肘子只能整三碗）,主食,饭,盖浇饭
猪脚饭,主食,饭,盖浇饭
招牌安格斯牛肋条饭/烤肉饭【原切牛肉肋条带筋|店内原切】,主食,饭,盖浇饭
热销✨招牌四件套盒饭自选套餐（盒饭含米饭）,主食,饭,其他饭
(大份）隆江猪脚饭！(大份！肉多！),主食,饭,盖浇饭
正宗隆江猪脚饭（满满胶原蛋白）,主食,饭,盖浇饭
【肉有一指厚】厚切猪排の咖喱蛋包饭,主食,饭,其他饭
瓦香鸡米饭,主食,饭,其他饭
【镇店招牌】*自选土豆糊糊双拼（带米饭）~吃好必备,主食,饭,盖浇饭
【正宗】隆江猪脚饭（超过两小时精心卤煮）,主食,饭,盖浇饭
招牌鸡块饭,主食,饭,盖浇饭
正宗客家盐焗鸡饭,主食,饭,盖浇饭
招牌猪肘饭｜肉香浓郁（含配菜/米饭）,主食,饭,盖浇饭
猪脚飯+（随机两素）,主食,饭,盖浇饭
【男人的浪漫】招牌隆江猪脚饭➕半只卤蛋➕肉卷➕蔬菜,主食,饭,盖浇饭
正宗隆江猪脚饭【大份】,主食,饭,盖浇饭
潮式牛腩土豆焖饭,主食,饭,焖饭
青椒肉丝煲仔饭,主食,饭,煲仔饭
铁板鸡扒饭/意面,主食,饭,炒饭
瓦香鸡米饭,主食,饭,盖浇饭
两荤两素➕米饭（自选）,主食,饭,其他饭
招牌猪脚饭（中份）,主食,饭,盖浇饭
正宗猪脚饭（猪肘子肉）送饮品,主食,饭,盖浇饭
自选双拼|任意两种,主食,饭,盖浇饭
优质长粒香大米########,主食,饭,白米饭
现煎铁板肥牛饭,主食,饭,盖浇饭
四菜   带米饭,主食,饭,其他饭
正宗隆江猪脚饭（满满胶原蛋白）2.5小时精心卤煮,主食,饭,盖浇饭
传统腊肠+豉汁排骨+香菇滑鸡煲仔饭,主食,饭,煲仔饭
招牌盛氏烧鸭饭,主食,饭,盖浇饭
实惠现炒双拼饭（配送中苑南苑一楼）,主食,饭,盖浇饭
【二荤二素】饭盒荤素自选【本店招牌】(含米饭),主食,饭,其他饭
够粤正宗隆江猪脚饭【大份】yyds！,主食,饭,盖浇饭
【双拼猪肘饭】任意拼，过瘾吃！,主食,饭,盖浇饭
【招牌】肥牛照烧鸡双拼丼飯,主食,饭,盖浇饭
【招牌】隆江猪脚饭（标准份）,主食,饭,盖浇饭
自选三拼/二荤一素,主食,饭,其他饭
隆江猪脚饭(肘子),主食,饭,盖浇饭
猪脚饭（小）,主食,饭,盖浇饭
招牌猪脚饭（去骨蹄髈）,主食,饭,盖浇饭
招牌猪脚饭【大份】【镇店之宝】,主食,饭,盖浇饭
红烧牛肉+自选双拼饭,主食,饭,盖浇饭
八珍豆腐▪饭,主食,饭,盖浇饭
（店长推荐）两荤两素套餐,主食,饭,其他饭
够粤正宗猪脚饭【大份】yyds！,主食,饭,盖浇饭
【自由双拼】二荤二素+米饭(荤素搭配吃到爽~）,主食,饭,其他饭
【BIG】两荤两素盒饭（菜饭分装）,主食,饭,其他饭
两肉两素,主食,饭,其他饭
【招牌】隆江猪脚饭,主食,饭,盖浇饭
【墙裂推荐】耙糯肘子皮+猪肘肉拌饭,主食,饭,拌饭
鸡蛋酱土豆泥饭包,主食,饭,其他饭
烤肉炸鸡双拼饭,主食,饭,拌饭
【本店爆款】正宗招牌隆江猪脚饭,主食,饭,盖浇饭
【爆款双拼】自选套餐 东北大米盖码饭,主食,饭,其他饭
【海大人气咖喱饭】马来咖喱脆鸡扒饭,主食,饭,盖浇饭
硬核自选❗❗❗自选荤菜➕蟹黄拌饭（蟹黄浇饭上）,主食,饭,拌饭
招牌正宗广东隆江猪脚饭（去骨猪蹄膀）,主食,饭,盖浇饭
【冲单招牌】猪脚饭传统肘子肉肉入口即化每日现卤,主食,饭,盖浇饭
农家炝肉饭,主食,饭,泡饭
『自选三荤』食神煲仔饭,主食,饭,煲仔饭
小炒黄牛肉+擂辣椒+盖码饭,主食,饭,盖浇饭
香酥铁板烤鸭饭（配菜随机）,主食,饭,盖浇饭
老板力荐隆江猪脚套饭,主食,饭,其他饭
『爆款!!No.1!』自选双拼·咖喱蛋包饭#,主食,饭,其他饭
〖两荤两素〗饭格子荤素自选,主食,饭,其他饭
秘汁香醇！剁椒去大骨猪脚饭【肉多多】,主食,饭,盖浇饭
猪肘饭(一个肘子干三碗),主食,饭,白米饭
『自选两荤』食神煲仔饭,主食,饭,煲仔饭
大师招牌手撕鸡饭,主食,饭,盖浇饭
随心配 | 自选双拼猛火蛋炒饭,主食,饭,炒饭
招牌三拼饭,主食,饭,盖浇饭
特色烤肉焗饭，一人套餐,主食,饭,焗饭
猪肘饭,主食,饭,盖浇饭
芝士番茄虾仁捞饭,主食,饭,捞饭
【店内招牌】正宗隆江猪脚饭,主食,饭,盖浇饭
隆江猪脚饭一份,主食,饭,盖浇饭
双拼拼饭（赠例汤）,主食,饭,盖浇饭
蜜汁鸡排饭（招牌）,主食,饭,盖浇饭
(粉丝专享）隆江猪脚饭(大份！肉多！),主食,饭,盖浇饭
@招牌/炙烤五花肉香煎鸡腿肉双拼拌饭,主食,饭,拌饭
炸猪排咖喱饭(咖喱微辣),主食,饭,盖浇饭
【入店必选】两荤一素随心自选+米饭,主食,饭,其他饭
芦浦肉饭,主食,饭,盖浇饭
自选两荤两素盒饭 便当,主食,饭,其他饭
【销量TOP1】番茄牛腩饭（带米饭）  | 超多肉,主食,饭,盖浇饭
拌鸡腿饭,主食,饭,拌饭
2号开学☞连续三天蜜汁招牌双拼饭送章鱼肠,主食,饭,盖浇饭
【现炒】宫保鸡丁盖饭,主食,饭,盖浇饭
【长沙排队王】！生炸大鸡腿叉叉洋芋大王肉酱饭,主食,饭,盖浇饭
卤香猪蹄膀饭,主食,饭,盖浇饭
自选三拼煲仔饭,主食,饭,煲仔饭
【单人套餐土豪款】肉多多猪脚饭（当日现卤,主食,饭,盖浇饭
招牌猪脚饭  大份（去骨蹄髈）,主食,饭,盖浇饭
【巨无霸】招牌猪脚饭｛去骨蹄膀肉｝,主食,饭,盖浇饭
【双拼】烤肉拌饭➕黄金鸡排（收藏专享）,主食,饭,拌饭
（新店冲单价）港式双拼|人气腊香·现煮煲仔饭,主食,饭,煲仔饭
招牌猪脚饭（蹄髈肉）,主食,饭,盖浇饭
深井吊烧鹅三拼饭,主食,饭,盖浇饭
大满足2荤菜2素菜任选【嘎嘎好吃】-饭管够儿,主食,饭,其他饭
勼米·鸡腿拌饭,主食,饭,拌饭
秘制猪脚拼脆皮五花肉饭（软糯搭配酥脆）+卤蛋半个+两配菜,主食,饭,盖浇饭
照烧鸡扒饭,主食,饭,盖浇饭
【二荤二素】饭盒荤素自选搭配30选6,主食,饭,其他饭
点评推荐陈栗记牛腩饭,主食,饭,盖浇饭
【店长推荐】深井烧鹅饭,主食,饭,拌饭
香辣滑鸡拼牛肉煲仔饭,主食,饭,煲仔饭
招牌猪脚饭（蹄髈）小份,主食,饭,盖浇饭
【超多肉】猪脚自选三拼饭,主食,饭,盖浇饭
腊味鸡翅煲仔饭,主食,饭,煲仔饭
小份烤鸭拌饭,主食,饭,拌饭
盖浇饭套餐A丨一荤+两素+香米饭,主食,饭,盖浇饭
招牌猪脚饭(大）去骨蹄髈,主食,饭,盖浇饭
『新客专享』双椒鸡蛋碎➕烤肉拌饭➕三配菜,主食,饭,拌饭
二荤➕二素➕(每份包含一份米饭),主食,饭,其他饭
【任性三拼】两荤一素大碗盖码饭#大口吃肉,主食,饭,盖浇饭
【超值三拼】两荤一素丨盖码饭,主食,饭,盖浇饭
叉烧鸡腿滑蛋饭,主食,饭,盖浇饭
经典卤香鸭腿饭,主食,饭,盖浇饭
小份碗碗饭,主食,饭,盖浇饭
招牌隆江猪脚（肘子）饭,主食,饭,盖浇饭
（自选套餐）豪华自选三宝煲仔饭+时蔬+秘制酱汁煲仔饭,主食,饭,煲仔饭
超级鸡腿饭（减脂必点）,主食,饭,盖浇饭
炸鸡+番茄蛋双拼饭,主食,饭,盖浇饭
广式猪脚饭(限时特价),主食,饭,盖浇饭
【自选双拼】猪脚任选双拼饭+配菜,主食,饭,盖浇饭
黄焖鸡米饭小份 （含米饭）,主食,饭,其他饭
【招牌】鸡腿+肥牛双拼烧肉饭,主食,饭,盖浇饭
隆江猪脚饭（大份）,主食,饭,盖浇饭
奥尔良脆骨烤盘饭送饮料,主食,饭,盖浇饭
煲仔饭自选,主食,饭,煲仔饭
炭烤肥牛+板烧鸡腿双拼烧肉饭,主食,饭,盖浇饭
饭饭饭米粒 ★★★★,主食,饭,白米饭
4荤2素套餐（带米饭）（饭菜分装）,主食,饭,其他饭
红烧牛腩拼鲜烫吊龙牛肉,主食,饭,盖浇饭
自选一至四拼煲仔饭,主食,饭,煲仔饭
鹅肉快餐,主食,饭,其他饭
【超值双拼】招牌自选双拼,主食,饭,盖浇饭
两荤一素,主食,饭,其他饭
隆江特色猪肘饭,主食,饭,盖浇饭
【大厨头牌】双倍红烧牛肉蛋炒饭｜软烂入味,主食,饭,炒饭
泰国鸡油饭,主食,饭,盖浇饭
【爆款必点】烤肉拌饭+脆皮鸡+烤肠+咸鸭蛋+两蔬菜,主食,饭,拌饭
【爆款必点】二荤二素饭盒荤素自选（含米饭）,主食,饭,其他饭
【必吃榜①】胡萝卜土豆牛肉焖饭,主食,饭,焖饭
泰国炒饭,主食,饭,炒饭
【土豪款】肉多多猪脚饭（老板加量）,主食,饭,盖浇饭
手工蒸米饭,主食,饭,拌饭
铁板鸭肠鸡蛋炒饭,主食,饭,炒饭
鸡腿饭（两个鸡腿）,主食,饭,盖浇饭
咸饭,主食,饭,炒饭
招牌芝麻鸡腿饭,主食,饭,盖浇饭
自选豪华双拼盖浇饭,主食,饭,盖浇饭
〖热销〗超值双拼（快乐干饭）,主食,饭,盖浇饭
【两荤两素】盒饭套餐,主食,饭,其他饭
牛肉叉烧滑蛋饭,主食,饭,盖浇饭
『全家福炒饭』里脊+肉柳+腊肠+火腿+鸡蛋+三素,主食,饭,炒饭
招牌隆江猪脚饭（量足）,主食,饭,盖浇饭
「嘎吱酥脆!!」厚切猪排·咖喱蛋包饭Pork Chop,主食,饭,盖浇饭
小份黄焖鸡+米饭,主食,饭,其他饭
〖烤鸭天花板〗孜然老北京烤鸭饭（大份）,主食,饭,盖浇饭
【王炸】辣椒炒肉拌饭,主食,饭,拌饭
咸糯米饭,主食,饭,焖饭
温泉蛋牛丼肥牛饭,主食,饭,盖浇饭
川味小炒肉盖浇饭,主食,饭,盖浇饭
两荤全素，,主食,饭,其他饭
匠熙小炒肉盖饭(免不了辣),主食,饭,盖浇饭
阿弥陀佛大卤饭,主食,饭,盖浇饭
金牌陶香鸡+米饭,主食,饭,其他饭
【你我喜爱】良田排骨饭（主食三选一）,主食,饭,盖浇饭
『爆款!!No.1!』自选双拼·咖喱蛋包饭 #,主食,饭,其他饭
招牌隆江猪脚饭（肘子）专享套餐,主食,饭,盖浇饭
番茄牛肉饭,主食,饭,盖浇饭
招牌烧鸭饭,主食,饭,其他饭
一荤三素配米饭（图片仅供参考，菜品随机搭配）,主食,饭,其他饭
【销量领先】招牌猪脚饭+3配菜,主食,饭,盖浇饭
吃超爽の双拼自选盖码饭,主食,饭,盖浇饭
农家一碗香饭,主食,饭,盖浇饭
【招牌特惠】自选双拼饭,主食,饭,盖浇饭
【自选】多款小炒随意拼盖码饭,主食,饭,盖浇饭
招牌烤肉拌饭 ！（四种小菜）,主食,饭,拌饭
招牌咸排骨泡饭,主食,饭,泡饭
推荐｜招牌自选双拼木桶饭,主食,饭,木桶饭
鹅庄卤肉饭（小份）（招牌）,主食,饭,盖浇饭
任选四拼【两荤两素】爆款来袭,主食,饭,其他饭
超级巨wu霸蛋炒饭（牛肉+虾仁+里脊+腊肠+肉柳）+送饮品,主食,饭,炒饭
金牌隆江猪脚饭（➕时蔬➕雪菜➕1包饮料),主食,饭,盖浇饭
两荤菜➕1素菜任选【嘎嘎好吃】（饭管够儿）,主食,饭,其他饭
맛있는梨泰院首尔烤牛肉石锅拌饭（有肉有菜，一碗吃饱）,主食,饭,拌饭
【拿命推荐】劲脆鸡排の咖喱蛋包饭,主食,饭,其他饭
至尊三拼饭（自选肉肉）,主食,饭,盖浇饭
老汤糯米饭❤,主食,饭,焖饭
黄焖鸡（含一份米饭）,主食,饭,其他饭
烤肉拌饭大份,主食,饭,拌饭
青菜饭,主食,饭,炒饭
《广东de味道》正宗隆江猪脚饭,主食,饭,盖浇饭
来喜蜜汁烤鸡腿饭【微辣的，折扣款不含汤】,主食,饭,盖浇饭
【超值套餐】烤肉拌饭+脆皮鸡+●荷包蛋+烤肠,主食,饭,拌饭
【爆款】咔滋厚切鸡排の咖喱蛋包饭,主食,饭,其他饭
『全家福炒饭』牛柳+里脊+培根+腊肠+小菜,主食,饭,炒饭
豪华全家福(咸蛋黄+香肠+脆哨）,主食,饭,焖饭
老板推荐隆江猪脚饭,主食,饭,盖浇饭
【超人气复购王】正宗隆江猪脚饭 yyds！,主食,饭,盖浇饭
（爱拼才会赢）正宗隆江猪脚饭,主食,饭,盖浇饭
【隆江猪脚饭】蹄膀肉切片,主食,饭,盖浇饭
至尊烧鸭饭+时蔬,主食,饭,盖浇饭
✨肉多多倍爽✨肉翻倍招牌隆江猪脚饭（大份）,主食,饭,盖浇饭
〖热销^ω^〗快乐双拼,主食,饭,盖浇饭
【加量不加价】招牌隆江猪脚饭,主食,饭,盖浇饭
炝土豆丝炒肉木桶饭（进店必购）,主食,饭,木桶饭
【老板推荐】隆江猪脚饭,主食,饭,盖浇饭
招牌隆江猪脚饭+卤蛋+时蔬+汤+沾水,主食,饭,盖浇饭
牛肉抓饭（肉筋）,主食,饭,焖饭
遐遇Tasty·招牌蟹黄拌饭,主食,饭,拌饭
【金厨推荐】双倍!招牌牛肉蛋炒饭*！,主食,饭,炒饭
土豆鸡肉盖饭,主食,饭,盖浇饭
牛肝菌炒牛肉炊饭,主食,饭,焖饭
新店福利｜太婆家常鸡汤饭（饭/粉/面自选）,主食,饭,泡饭
【招牌】28秒·小炒黄牛肉 · 盖浇饭,主食,饭,盖浇饭
东北盒饭（米饭➕4菜任选）,主食,饭,其他饭
【每日现卤】招牌隆江猪脚饭,主食,饭,盖浇饭
✨必点▲招牌先纪肘子饭✨,主食,饭,盖浇饭
农场鲜粳米小海鲜泡饭,主食,饭,泡饭
镇店腊味三宝煲仔饭(牛肉腊肉腊肠),主食,饭,煲仔饭
【长沙排队王】！生炸大鸡腿大王肉酱饭,主食,饭,盖浇饭
【镇店双拼】招牌剁椒猪脚饭1+1超值自选餐,主食,饭,盖浇饭
需要餐具,主食,饭,盖浇饭
【牛肉上新】新烤牛肉石锅拌饭  쇠고기를 굽다,主食,饭,拌饭
白切鸡套饭,主食,饭,其他饭
脆皮鸡烤肉拌饭沙拉酱口味,主食,饭,拌饭
任意两拼！14选2长沙爆炒木桶饭,主食,饭,木桶饭
鸡排の咖喱蛋包饭,主食,饭,其他饭
原味烤肉拌饭,主食,饭,拌饭
经典猪脚饭,主食,饭,盖浇饭
【烤肉+炸鸡】双拼拌饭（爆款）,主食,饭,拌饭
牵味招牌烤鸭饭,主食,饭,其他饭
*招牌正宗隆江猪脚饭（每日现卤）,主食,饭,盖浇饭
【✨爆款推荐】两荤两素任选（95%进店都会下单）,主食,饭,盖浇饭
〖两荤两素〗饭格子⭐荤素自选+米饭,主食,饭,其他饭
招牌牛油拌饭【料在饭下面 好吃拌着吃】,主食,饭,拌饭
鸭腿饭（时蔬+香肠+豆干+小菜）,主食,饭,盖浇饭
鸡公煲（小煲）+土豆+米饭1份,主食,饭,其他饭
招牌‖土家香肠腊肉双拼洋芋飯,主食,饭,盖浇饭
【隆江正宗】招牌猪脚饭+时蔬（去骨蹄髈肉）,主食,饭,盖浇饭
农家小炒肉饭|(经典招牌),主食,饭,木桶饭
『招牌』八旗府牛腩饭,主食,饭,盖浇饭
红烧肉➕西红柿鸡蛋盖浇饭,主食,饭,盖浇饭
香干炒肉擂饭（人气）,主食,饭,盖浇饭
正宗经典东北大饭包,主食,饭,其他饭
小炒鸡排煲仔饭,主食,饭,煲仔饭
雪菜辣肉蛋炒饭,主食,饭,炒饭
【双拼尝鲜】自选套餐一次吃爽,主食,饭,盖浇饭
【轻奢套餐】两荤两素自选套餐（含米饭,主食,饭,其他饭
鲜切牛肉广东菜心饭#好吃又掉秤,主食,饭,盖浇饭
经典石锅拌饭,主食,饭,拌饭
至尊三拼饭,主食,饭,盖浇饭
香肠饭,主食,饭,盖浇饭
招牌烤肉拌饭（四种小菜）,主食,饭,拌饭
《复购王》士耳其烤肉饭,主食,饭,拌饭
鸡枞菌肉丝炒饭,主食,饭,炒饭
【双拼】两荤一素自选（含米饭）,主食,饭,其他饭
必吃榜NO.1金牌猪脚饭,主食,饭,盖浇饭
【男人的浪漫】招牌隆江猪脚饭（去骨猪肘肉）,主食,饭,盖浇饭
老板舍得给 | 香炸猪排饭,主食,饭,盖浇饭
剁椒猪脚饭（大份）【肉卷+卤蛋+配菜+腌菜】,主食,饭,盖浇饭
招牌炭烤烧鸭饭,主食,饭,盖浇饭
腊味叉烧煲仔饭,主食,饭,煲仔饭
极炙板烧鸡腿肉元气丼饭,主食,饭,拌饭
双拼茶香鸡(鸡肉150g＋两素＋米饭＋茶水)）,主食,饭,盖浇饭
两荤一素（在单点荤素菜区域选，进行备注），,主食,饭,其他饭
牛油拌饭（料在底下，需搅拌哦）,主食,饭,拌饭
烧肉烧椒拌饭（猪肉）,主食,饭,拌饭
经典牛油拌饭,主食,饭,拌饭
【招牌】❤金牌猪脚饭+例汤,主食,饭,盖浇饭
两荤+两素纯东北做法（2荤+2素+米饭）,主食,饭,其他饭
鹅肉饭,主食,饭,盖浇饭
自选双拼饭套餐,主食,饭,盖浇饭
椰子鸡汤 米饭,主食,饭,泡饭
〖六星双拼〗招牌潮记自选两荤套餐,主食,饭,盖浇饭
米饭......单点不送,主食,饭,白米饭
任意双拼（备注菜品）➕2个配菜,主食,饭,拌饭
招牌肉饭,主食,饭,盖浇饭
铁板炒饭【饭菜一起】,主食,饭,炒饭
鸡腿卤肉饭,主食,饭,盖浇饭
【强烈推荐】隆江猪脚饭（蹄膀）,主食,饭,盖浇饭
【镇店招牌】吃肉自选双拼饭＋配菜自选2样,主食,饭,盖浇饭
【老板推荐】和风鸡排咖喱蛋包饭,主食,饭,其他饭
饭格子经典〖两荤两素〗荤素自选,主食,饭,其他饭
麻辣三羊排抓饭,主食,饭,焖饭
【秦始皇】鲜炒牛肉空心菜饭·诱人低脂工作餐·,主食,饭,盖浇饭
建德生炒鸡盖浇饭+瓦罐排骨汤,主食,饭,盖浇饭
鸡肉火腿焗饭,主食,饭,焗饭
·【T0P1】椒麻手撕鸡饭,主食,饭,其他饭
超值必吃2件套,主食,饭,盖浇饭
【门店TOP招牌】饭盒二荤二素自选（含米饭）,主食,饭,其他饭
【两大必点菜】劲脆鸡排の咖喱蛋包饭,主食,饭,其他饭
土豪四拼【烤肉+烤排+鸡排+腿排】+煎蛋/热狗肠/饮品三选一,主食,饭,拌饭
【人见人爱】四季豆炒肉木桶饭,主食,饭,木桶饭
正宗隆江猪脚饭+卤蛋+潮汕肉卷（招牌特惠）,主食,饭,盖浇饭
【爆款】牛肉蛋炒饭,主食,饭,炒饭
白菜饭,主食,饭,盖浇饭
【酸甜软糯】新疆番茄牛肉拌饭,主食,饭,拌饭
泰国香米咸饭,主食,饭,其他饭
招牌猪脚饭中份,主食,饭,盖浇饭
火烧云油鸡饭（微辣）,主食,饭,盖浇饭
【双拼】烤肉拌饭➕脆皮鸡（鸡腿肉）,主食,饭,拌饭
老太太石锅拌饭（有拌饭酱）,主食,饭,拌饭
三荤两素,主食,饭,其他饭
越南炸鸡饭,主食,饭,盖浇饭
【任意三拼】多款经典两荤一素任意拼盖码饭（现炒）,主食,饭,盖浇饭
小炒黄牛肉盖码饭+饮料,主食,饭,盖浇饭
【主食】极炙板烧鸡腿肉烧肉饭,主食,饭,盖浇饭
金奖腊肠+滑鸡+酱香排骨煲仔饭【开店畅销8年】,主食,饭,煲仔饭
招牌隆江猪脚饭中份+肉卷三片+卤蛋半个,主食,饭,盖浇饭
蜜汁鸭腿（鸭排）饭（搭配三时蔬+例汤）,主食,饭,盖浇饭
「江湖认证」隆江猪脚饭（肘子肉）,主食,饭,盖浇饭
任意双拼饭/送三个配菜（多种口味）,主食,饭,盖浇饭
✨大快朵颐✨招牌隆江猪脚饭【肉量增至150%】,主食,饭,盖浇饭
品达烤肉饭,主食,饭,拌饭
香辣滑鸡煲仔饭,主食,饭,煲仔饭
低脂金牌口水鸡+稻花香米饭,主食,饭,拌饭
｛精致｝台湾鸡排饭,主食,饭,盖浇饭
2荤菜➕1素菜任选【嘎嘎好吃】-饭管够儿,主食,饭,其他饭
【新客专享】星厨葱油鸡腿扒饭,主食,饭,盖浇饭
藤椒炒鸡饭,主食,饭,盖浇饭
招牌瓦香鸡米饭,主食,饭,盖浇饭
小炒黄牛肉拌饭丨擂椒拌饭,主食,饭,拌饭
烤牛肉拌饭+朝鲜族泡菜+海带汤（酱在饭里）,主食,饭,拌饭
两荤三素套餐,主食,饭,其他饭
大泽屋咖喱饭,主食,饭,盖浇饭
【任意三拼】多款经典任意拼盖码饭（现炒）,主食,饭,盖浇饭
黄焖鸡米饭,主食,饭,其他饭
【任意双拼】更多滋味 任意拼盖码饭（现炒）,主食,饭,盖浇饭
招牌猪脚饭（去骨蹄膀肉）,主食,饭,盖浇饭
招牌三鲜烫饭,主食,饭,泡饭
【经典】隆江猪脚饭＋饮料（大份多肉）,主食,饭,盖浇饭
【黑椒猪排】咖喱饭,主食,饭,盖浇饭
招牌满满的土豆炖牛肉拌饭饭（含米饭）,主食,饭,拌饭
【爆款】自选双拼饭+蔬菜+小菜+米饭,主食,饭,盖浇饭
猪脚拼脆皮五香鸭腿饭,主食,饭,盖浇饭
正宗隆江猪脚饭,主食,饭,盖浇饭
【镇店之宝】招牌隆江猪脚饭中份,主食,饭,盖浇饭
【镇店之宝】招牌隆江猪脚饭,主食,饭,盖浇饭
【20秒爆炒】招牌黄牛肉丨擂椒拌饭,主食,饭,拌饭
宫保鸡丁盖饭,主食,饭,盖浇饭
招牌砂锅原汤豆汤饭,主食,饭,泡饭
土豆牛腩饭|(软糯鲜美),主食,饭,木桶饭
招牌烤肉拌饭丨力推（含四种小菜微辣）,主食,饭,拌饭
【双拼】猪脚自选双拼饭【随意搭配】,主食,饭,盖浇饭
港式烧鸭饭,主食,饭,盖浇饭
招牌推荐：手撕鸭腿饭（送至宿舍楼下）,主食,饭,盖浇饭
招牌·北亭烧鸭【自选双拼饭】,主食,饭,盖浇饭
鸡排蛋包饭,主食,饭,盖浇饭
【多肉三拼】木桶饭‖无擂椒,主食,饭,木桶饭
九层塔双蛋肉丁饭（不可免辣）,主食,饭,盖浇饭
济州岛拌饭(常温),主食,饭,拌饭
『超级爆款』招牌隆江猪肘饭,主食,饭,拌饭
【爆款推荐】小炒黄牛肉盖码饭,主食,饭,盖浇饭
招牌脆皮烧鸭饭,主食,饭,盖浇饭
排骨牛肉香肠三拼煲仔饭,主食,饭,煲仔饭
针不戳 | 自选荤菜➕蟹黄捞饭/捞面（蟹黄单独打包）,主食,饭,捞饭
DIY任意烧味三拼饭（烧肉偏肥）,主食,饭,盖浇饭
两荤两素任你选【贼阔气】2款素菜自选,主食,饭,其他饭
【必点】牛肉滑蛋饭,主食,饭,盖浇饭
脆皮烧鸭饭,主食,饭,盖浇饭
【老板力荐】隆江猪脚饭,主食,饭,其他饭
【招牌双拼】擂椒木桶饭,主食,饭,木桶饭
招牌炒饭（自选加料）木桶蒸饭,主食,饭,炒饭
招牌隆江猪脚饭（标准版去骨蹄膀肉）,主食,饭,盖浇饭
炸鸡腿茄子饭,主食,饭,盖浇饭
正宗隆江猪脚饭(肘子肉),主食,饭,盖浇饭
双椒鸡丁盖饭/面,主食,饭,盖浇饭
【销冠王】炸鸡+咖喱双拼饭,主食,饭,盖浇饭
【镇店招牌】正宗隆江猪脚饭+3配菜,主食,饭,盖浇饭
炸鸡拌饭,主食,饭,拌饭
台湾卤肉+鱼香肉丝+番茄鸡蛋+主食,主食,饭,盖浇饭
【镇店之宝】招牌隆江猪脚饭(超多肉）+3配菜,主食,饭,盖浇饭
老太太肥牛拌饭（不辣，没有拌饭酱，需要请单点）,主食,饭,拌饭
五常大米饭,主食,饭,白米饭
五常大米香米饭6.5一斤那种,主食,饭,白米饭
当归鸡汤饭【推荐】当归+红枣+枸杞+老母鸡慢炖）,主食,饭,泡饭
特色手抓饭（带鸡腿）,主食,饭,焖饭
澄海狮头鹅肉饭（门店爆款售三万份）,主食,饭,盖浇饭
老坛酸菜野山椒蛋炒饭【很开胃】,主食,饭,炒饭
土豆胡萝卜牛肉焖饭,主食,饭,焖饭
什锦饭,主食,饭,盖浇饭
番番番茄牛丼饭（线下年销39999份）,主食,饭,盖浇饭
甜辣红烧肉拌饭（无法少肥肉微辣）,主食,饭,拌饭
特色洋芋饭，带有配菜，配汤,主食,饭,焖饭
竹筒饭（自选三荤两素）,主食,饭,焖饭
日式牛肉丼饭+无菌生蛋黄（伴在饭里很好吃，蛋黄）,主食,饭,盖浇饭
招牌！全腿饭 | 手枪大鸡腿 炒菜任选2种,主食,饭,盖浇饭
老菜脯炒饭,主食,饭,炒饭
招牌猪脚饭（配菜+卤蛋+肉卷）,主食,饭,盖浇饭
自选【双拼饭】,主食,饭,盖浇饭
自选烧味三拼饭,主食,饭,盖浇饭
芥兰牛肉饭【鲜肉】+牛骨汤,主食,饭,盖浇饭
小份黄焖鸡米饭｜好评榜首,主食,饭,其他饭
各位活爹，备注写电话,主食,饭,白米饭
双拼丨土耳其烤肉+土豆泥肉酱拌饭,主食,饭,拌饭
任选双拼+秘制酸菜+素菜,主食,饭,盖浇饭
两荤一素/自选三拼,主食,饭,盖浇饭
镇店招牌┃脆皮爆汁手枪腿饭【含◆两种配菜】,主食,饭,盖浇饭
隆江正宗猪脚饭（1包饮料）,主食,饭,盖浇饭
隆江猪脚饭（去骨蹄髈肉）,主食,饭,盖浇饭
隆江猪脚饭（正宗潮汕味）,主食,饭,盖浇饭
【高复购】爆款咖喱炸鸡饭,主食,饭,盖浇饭
【首厨力荐】｜招牌隆江猪脚饭,主食,饭,盖浇饭
【随心双拼】创意自选双拼组合,主食,饭,盖浇饭
【镇店招牌】筋道馋嘴牛肉饭+自选四份免费配菜,主食,饭,盖浇饭
【经典】隆江猪脚饭（大份多肉）,主食,饭,盖浇饭
【爆款热销】招牌黄焖鸡➕蔬菜➕米饭,主食,饭,其他饭
【爆款热卖】劲脆鸡排咖喱饭,主食,饭,盖浇饭
【点评top】黯然销魂叉烧饭（默认熟蛋）,主食,饭,盖浇饭
【推荐】烧鸭+叉烧双拼饭,主食,饭,盖浇饭
【店长推荐】营养双拼饭,主食,饭,盖浇饭
【大师招牌】辣椒炒肉丨擂椒拌饭,主食,饭,拌饭
【升级加量】隆江擂椒猪脚饭➕自选灵魂配菜,主食,饭,盖浇饭
鸡蛋火腿拌饭,主食,饭,拌饭
【99%回购】~超值百搭自选双拼手抓饭,主食,饭,焖饭
『新店冲销量』火腿肠土鸡蛋野葱猛火炒饭,主食,饭,炒饭
（大份）口味自选脆皮鸡饭,主食,饭,盖浇饭
大粒牛肉石锅拌饭,主食,饭,拌饭
剁椒牛肉*牛油拌饭【会上瘾那种】,主食,饭,拌饭
米饭（1份）,主食,饭,白米饭
两荤一素任你选【贼阔气】（带米饭）,主食,饭,其他饭
乐选鸡排咖喱蛋包饭,主食,饭,其他饭
两荤一素盒饭（自选）,主食,饭,其他饭
金牌剁椒牛腩饭,主食,饭,盖浇饭
工作餐随心配（含米饭）不点菜,主食,饭,其他饭
【三生三世】！生炸大鸡腿肉酱饭,主食,饭,盖浇饭
烧鸭腿➕手撕鸡双拼饭,主食,饭,盖浇饭
【二荤二素】（含米饭）饭盒荤素自选【本店招牌】,主食,饭,其他饭
六荤八素特惠单人套餐（自选主食1份）麻辣香锅冒菜可选,主食,饭,其他饭
烤鸭拌饭小份+酸辣土豆丝+小青菜+鸡蛋+米饭,主食,饭,拌饭
勼米·烤鸡肉拌饭,主食,饭,拌饭
【厚切2.0加量版】蒲烧鳗鱼饭&四样小菜,主食,饭,盖浇饭
潮汕风味正宗隆江猪脚饭小份+猪脚+肉卷+豆干+菜,主食,饭,盖浇饭
笋干炒肉煲仔饭ぃ特色笋干,主食,饭,煲仔饭
【土豪】大份隆江猪脚饭（肉多多）,主食,饭,盖浇饭
深海花甲肉炒蛋,主食,饭,盖浇饭
经典三羊排抓饭,主食,饭,焖饭
【店长力荐】野山椒牛肉蛋炒饭+免费小菜+饮料（本店招牌）,主食,饭,炒饭
⭐『全家福炒饭』里脊+肉柳+腊肠+火腿+鸡蛋+三素,主食,饭,炒饭
黄金鸡排咖喱蛋包饭,主食,饭,其他饭
【招牌】烧鸭饭,主食,饭,盖浇饭
黯然销魂饭+港式茶饮,主食,饭,盖浇饭
汕头鹅肉饭（招牌）,主食,饭,盖浇饭
【招牌好吃】辣椒炒肉煲仔饭✿辣椒比肉还好吃,主食,饭,煲仔饭
正宗隆江猪脚饭(不辣),主食,饭,盖浇饭
瓦香鸡米饭小份,主食,饭,盖浇饭
稻花香米饭,主食,饭,白米饭
【本店爆款】两荤两素格子自选（含米饭）,主食,饭,其他饭
招牌鳗鱼饭【香嫩】,主食,饭,盖浇饭
招牌里脊老妈烫饭,主食,饭,泡饭
豆角炒饭,主食,饭,炒饭
土家辣椒炒肉盖码饭【鲜辣与猪肉的醇厚融合】,主食,饭,盖浇饭
《鸭》腿饭套餐,主食,饭,盖浇饭
（干饭）老汉青椒炒肉+米饭,主食,饭,盖浇饭
招牌猪脚饭（去骨蹄髈肉）,主食,饭,盖浇饭
食寸卤肉饭(含米饭送小菜),主食,饭,盖浇饭
蹦蹦鸡米饭(好吃肉多)含米饭,主食,饭,盖浇饭
燃爆·秘制麻辣烤鱼饭,主食,饭,其他饭
【镇店之宝】隆江猪脚饭+卤豆干+卤蛋半个,主食,饭,盖浇饭
【8荤8素】超级豪华蛋炒饭丨888发发发,主食,饭,炒饭
青椒牛肉丝蛋炒饭(只用新鲜牛肉丝),主食,饭,炒饭
【鲜汁美味】港式鲜汁培根滑蛋饭,主食,饭,盖浇饭
超级烧鸭饭（鸭肉超足）,主食,饭,盖浇饭
招牌两荤两素,主食,饭,白米饭
隆江猪脚饭+卤蛋十肉卷十酸菜十蔬菜+清凉茶或例汤,主食,饭,盖浇饭
一荤一素套餐,主食,饭,其他饭
二荤二素（盒饭）,主食,饭,其他饭
双拼饭,主食,饭,盖浇饭
一荤三素➕米饭（自选）,主食,饭,其他饭
店长推荐：鲜虾仁蛋炒饭,主食,饭,炒饭
三拼卤肉饭（自选三个菜最多两个荤菜）,主食,饭,盖浇饭
『必須招牌!!』香酥鸡排·咖喱蛋包饭#,主食,饭,其他饭
『店长推荐』超满足招牌软糯猪脚饭,主食,饭,盖浇饭
元气肥牛拼鸡腿肉双拼饭,主食,饭,盖浇饭
任选双拼（饭菜不分开）一份盖饭两种菜双拼,主食,饭,其他饭
任意双土豆泥拌饭,主食,饭,拌饭
土鸡蛋野葱猛火炒饭,主食,饭,炒饭
人气三拼#滑鸡+排骨+腊肠煲仔饭三拼,主食,饭,煲仔饭
野山椒牛肉蛋炒饭,主食,饭,炒饭
一荤两素（菜品随机搭配）,主食,饭,其他饭
惊喜两荤菜➕2素菜任选【嘎嘎好吃】（饭管够儿）,主食,饭,其他饭
原味干豆腐饭包（带叶）,主食,饭,其他饭
隆江猪肘饭,主食,饭,盖浇饭
辣炒猪肉拌饭+泡菜,主食,饭,拌饭
手工炒制蟹黄拌饭/拌面,主食,饭,拌饭
招牌口水鸡+菜饭+骨汤,主食,饭,盖浇饭
招牌咸糯米饭,主食,饭,焖饭
腊味双拼煲仔饭（腊肠+腊肉）,主食,饭,煲仔饭
腊味双拼煲仔饭,主食,饭,煲仔饭
【老板推荐】鲍汁黄焖鸡➕土豆➕米饭❤️,主食,饭,其他饭
招牌猪脚饭（蹄髈）大份,主食,饭,盖浇饭
【经典湘菜】辣椒炒肉 盖码饭,主食,饭,盖浇饭
招牌蜜汁烤肉拌饭,主食,饭,拌饭
【男人的浪漫】招牌隆江猪脚饭➕卤蛋➕肉卷➕蔬菜卷,主食,饭,盖浇饭
[长沙排队王]生炸大鸡腿大王肉酱饭,主食,饭,盖浇饭
【爆款】翅根双拼饭（本店销冠）,主食,饭,盖浇饭
◆◆◆◆米饭,主食,饭,白米饭
杂锦煲仔饭（镇店招牌）,主食,饭,煲仔饭
【招牌菜】台湾三杯鸡 东北大米盖码饭,主食,饭,盖浇饭
【招牌必点】土豆牛腩饭,主食,饭,盖浇饭
♥双倍肉量｜招牌自选双拼猛火炒饭,主食,饭,炒饭
猪油拌饭,主食,饭,拌饭
沙拉烤肉脆皮鸡双拼饭,主食,饭,拌饭
❤️【豪华三拼】2荤1素自选盖浇饭,主食,饭,盖浇饭
【强烈推荐】牛肉串拌饭,主食,饭,拌饭
炒饭套餐+鸡腿,主食,饭,炒饭
【单人套餐土豪款】肉多多猪脚饭,主食,饭,盖浇饭
【力推】奥尔良腿排+眷村卤肉双拼饭,主食,饭,盖浇饭
糖醋里脊盖浇饭,主食,饭,盖浇饭
烤五花拌饭,主食,饭,拌饭
鸡腿饭,主食,饭,盖浇饭
精选招牌隆江猪脚饭大份（肉多多）,主食,饭,盖浇饭
【二荤二素 销量霸主】饭盒荤素自选（含米饭）,主食,饭,其他饭
【两荤两素自选饭】本店招牌,主食,饭,其他饭
爆款三拼！❤️22选3长沙爆炒盖码饭,主食,饭,盖浇饭
『现炸现出!!』金炸脆鸡排·咖喱蛋包饭,主食,饭,其他饭
『爆款五福』食神煲仔饭（见描述）！,主食,饭,煲仔饭
【肉多量足】自选土豪三拼煲仔饭,主食,饭,煲仔饭
猪脚饭（大份）豆干+青菜+酸豆角专享套餐,主食,饭,盖浇饭
自选三拼/两荤一素（分量足）,主食,饭,其他饭
自选三拼/一荤两素（分量足）,主食,饭,盖浇饭
招牌牛腩饭,主食,饭,盖浇饭
焖饼炒鸡单人餐         [便宜还吃的好],主食,饭,焖饭
招牌牛油拌饭【点吧！不会后悔的】,主食,饭,拌饭
三杯鸡米饭套餐,主食,饭,盖浇饭
香干炒肉盖浇饭,主食,饭,盖浇饭
（店长推荐）腊肠拼叉烧煲仔饭,主食,饭,煲仔饭
干巴菌牛肝菌肉丝炒饭,主食,饭,炒饭
脆皮鸡腿饭,主食,饭,其他饭
招牌手撕鸡饭，,主食,饭,盖浇饭
腊味煲仔饭【砂锅直送】【配青菜、葱末、煲仔饭酱油】,主食,饭,煲仔饭
【进店必吃】脆皮烧鸭饭（搭配三时蔬例汤）,主食,饭,盖浇饭
[千年传承] 隆江猪脚饭,主食,饭,盖浇饭
两荤一素自选+米饭,主食,饭,其他饭
烤鸭泡饭,主食,饭,泡饭
陈栗记牛腩饭,主食,饭,盖浇饭
门店TOP豪华两荤两素招牌自选｜饭格子（含米饭）,主食,饭,其他饭
【你我喜爱】良田排骨饭,主食,饭,盖浇饭
巴西烤肉土豆泥盖饭,主食,饭,盖浇饭
中学盒饭,主食,饭,盖浇饭
糯米饭咸饭,主食,饭,焖饭
【八种爱意】现炒八选二双拼饭 ！,主食,饭,盖浇饭
隆江猪脚+两素菜+米饭,主食,饭,盖浇饭
辣椒炒肉木桶饭,主食,饭,木桶饭
闽南猪脚饭,主食,饭,盖浇饭
黄焖鸡米饭（小份含米饭）,主食,饭,其他饭
深海鳕鱼の咖喱蛋包饭,主食,饭,其他饭
浓郁软糯！卤汁去大骨猪脚饭【肉多多】,主食,饭,盖浇饭
【店长推荐】自选双拼盖码饭,主食,饭,盖浇饭
『招牌』法式烤排咖喱蛋包饭,主食,饭,其他饭
水煮肉片饭,主食,饭,其他饭
心意脆皮叉烧丼饭+精美配菜,主食,饭,盖浇饭
两荤两素任你选【贼拉敞亮】+2荤2素自选（不差饭儿）,主食,饭,其他饭
杨铭宇黄焖鸡大份,主食,饭,其他饭
必点⭐招牌❤️️猪脚饭,主食,饭,盖浇饭
招牌 【镇店之宝】招牌猪脚饭（胶原蛋白永保青春),主食,饭,盖浇饭
招牌||去骨隆江猪脚饭,主食,饭,盖浇饭
芦浦肉饭大份,主食,饭,盖浇饭
爆好吃去骨猪肘饭+三配菜+靓汤+米饭,主食,饭,盖浇饭
【满满当当】特色烤肉拌饭+香嫩里脊,主食,饭,拌饭
『复购之王』卤香牛肉蛋炒饭,主食,饭,炒饭
招牌卤肉饭,主食,饭,盖浇饭
【爆款】招牌双拼饭+2种配菜+半切卤蛋+米饭,主食,饭,其他饭
两荤四素(不带鸡腿),主食,饭,其他饭
招牌双拼自选盖码饭,主食,饭,盖浇饭
（力荐·招牌）潮号猪脚饭,主食,饭,盖浇饭
舅妈招牌隆江猪脚饭（去骨蹄膀肉）,主食,饭,盖浇饭
猪脚+脆皮五花肉,主食,饭,盖浇饭
米饭刺客咖喱猪排厚蛋饭,主食,饭,盖浇饭
敏华黯然销魂饭（招牌必吃）,主食,饭,盖浇饭
招牌｜特色香茄烤肉拌饭,主食,饭,拌饭
……（米饭）…,主食,饭,白米饭
玉米萝卜鸡汤饭（含饭不含菜）,主食,饭,泡饭
【现炸现出】劲脆鸡排の咖喱蛋包饭,主食,饭,盖浇饭
必点榜·烤牛肉石锅拌饭,主食,饭,拌饭
香辣排骨煲仔饭,主食,饭,煲仔饭
香菜牛肉盖码饭,主食,饭,盖浇饭
招牌吾爱猪脚饭【只用鲜猪肉慢卤3小时】,主食,饭,盖浇饭
香芋排骨煲仔饭,主食,饭,煲仔饭
大鸡腿套餐饭,主食,饭,其他饭
一荤三素+米饭丨超值热销丨菜品任选大套餐,主食,饭,其他饭
一荤三素,主食,饭,其他饭
二荤二素（菜随机）送汤,主食,饭,其他饭
一碗东坡肉拼鲜烫吊龙,主食,饭,盖浇饭
卤鸭腿饭,主食,饭,盖浇饭
猪肘肉卷双拼(送卤蛋豆干),主食,饭,盖浇饭
隆江猪脚饭(猪肘)肉香皮糯镇店之宝,主食,饭,盖浇饭
辣椒炒肉盖码饭《一道菜炒了二十年》,主食,饭,盖浇饭
石锅拌饭+朝鲜族泡菜+海带汤,主食,饭,拌饭
茄子回锅肉盖浇饭,主食,饭,盖浇饭
招牌去骨隆江猪脚饭【优惠价】,主食,饭,其他饭
招牌台式卤肉盖饭,主食,饭,盖浇饭
招牌土豆牛腩饭【99%的人选择】,主食,饭,盖浇饭
【镇店之宝】招牌隆江猪脚饭（量足）,主食,饭,盖浇饭
人气！！劲脆鸡排の咖喱蛋包饭,主食,饭,其他饭
韩釜巷烤牛肉拌饭+煎蛋,主食,饭,拌饭
腊味双拼煲仔饭+时蔬+咸鸭蛋,主食,饭,煲仔饭
（招牌）烤肉脆皮鸡双拼饭套餐,主食,饭,拌饭
招牌烤肉拌饭+四种配菜,主食,饭,拌饭
土豆烧牛腩木桶饭,主食,饭,木桶饭
招牌烤肉饭（一荤三素鸡蛋热狗任选,主食,饭,拌饭
[特价主推]奥芝鸡肉咖喱蛋包饭,主食,饭,其他饭
胖焗☽咖喱脆皮鸡芝士焗饭,主食,饭,焗饭
香煎肉饼饭,主食,饭,盖浇饭
肉量加倍肉多多去骨潮汕猪脚饭,主食,饭,盖浇饭
招牌羊排抓饭（大份）,主食,饭,焖饭
香辣牛肉饭,主食,饭,盖浇饭
【经典爆款】10s鲜切牛肉饭,主食,饭,盖浇饭
【经典之作】干锅鸡柳土豆焖饭+香肠片+金针菇+青菜,主食,饭,焖饭
猪脚饭（肘子肉）,主食,饭,盖浇饭
招牌隆江猪脚饭（四小时慢炖，肥而不腻）,主食,饭,盖浇饭
95%新客必点招牌隆江猪脚饭中份,主食,饭,盖浇饭
【爆款】土豆牛腩 | 川香土豆泥肉酱,主食,饭,盖浇饭
【爆款】18道湘菜双拼自选 盖码饭,主食,饭,盖浇饭
任选双拼（随心搭配）,主食,饭,盖浇饭
【招牌顶配】两荤一素自选丨盖浇饭,主食,饭,盖浇饭
【招牌爆款】原味烤肉拌饭➕4种配菜(鸡腿肉),主食,饭,拌饭
正新鸡排饭,主食,饭,盖浇饭
【招牌】隆江猪脚饭（现卤猪肘）+3配菜+秘制鲜椒+泡菜,主食,饭,盖浇饭
✨广东名吃✨招牌猪脚饭【标准份去骨蹄膀肉】,主食,饭,盖浇饭
爆款排骨饭套餐,主食,饭,盖浇饭
黑三剁洋芋焖饭套餐,主食,饭,焖饭
『肉和筋』|牛腩x筋头巴脑双拼饭,主食,饭,盖浇饭
咸饭,主食,饭,焖饭
【招牌】大排炒饭+流心蛋,主食,饭,炒饭
沙拉酱烤肉饭,主食,饭,拌饭
【性价比之王】招牌自选双拼套餐丨2菜1汤,主食,饭,盖浇饭
《全城热销》》牛筋丸枸杞叶汤饭/粉,主食,饭,泡饭
【尝鲜】酸汤肉沫泡饭,主食,饭,泡饭
15元饭盒,主食,饭,盖浇饭
神户肥牛｜土豆泥拌饭,主食,饭,拌饭
鸡排咖喱蛋包饭,主食,饭,其他饭
港式双拼饭（8选2）任意双拼,主食,饭,盖浇饭
炒饭+鸡蛋+火腿肠+开胃小菜,主食,饭,炒饭
紫苏味单人餐（不可添加辅菜）,主食,饭,其他饭
【加量不加价】隆江猪肘饭+双拼素菜+酸豆角+米饭,主食,饭,盖浇饭
炒鸡米饭椒麻口味含米饭,主食,饭,盖浇饭
【你我喜爱】良田排骨饭（小份）,主食,饭,盖浇饭
牛肉滑蛋盖浇饭（我是销冠）,主食,饭,盖浇饭
【任意三拼】榜单必吃丨现炒两荤一素自选带米饭（16款菜任选）,主食,饭,盖浇饭
炸鸡盖饭(小),主食,饭,盖浇饭
牛油拌饭【点吧！不会后悔的】,主食,饭,拌饭
【任意三拼】 多款经典任意拼盖码饭 （ 现炒 ）,主食,饭,盖浇饭
牛油拌饭（老乡鸡）【点吧！不会后悔的】,主食,饭,拌饭
鸡腿饭（香肠版）,主食,饭,盖浇饭
【人气爆款】澳洲原切牛排饭,主食,饭,盖浇饭
【人气爆款】山茄秘汁肉酱饭,主食,饭,盖浇饭
农家一碗香盖码饭,主食,饭,盖浇饭
【二荤二素】爆款饭盒荤素自选（含米饭）,主食,饭,其他饭
蛋黄牛油拌饭【优质流沙咸蛋黄酱 绵密沙软】,主食,饭,拌饭
两荤两素（含米饭菜品汤随机搭配）,主食,饭,其他饭
巨wu霸蛋炒饭（牛肉+虾仁+里脊+腊肠+肉柳+火腿）,主食,饭,炒饭
蜜汁叉烧饭,主食,饭,盖浇饭
两荤一素(周末狂欢价),主食,饭,其他饭
干锅鸡排焖饭＋5种配菜＋米饭,主食,饭,焖饭
辣椒炒肉|盖码饭【必点款】,主食,饭,盖浇饭
辣椒炒肉拌饭+玉米排骨汤＋土豆丝拌菜,主食,饭,拌饭
热卖爆款 谷饲肥牛拌饭+溏心蛋,主食,饭,拌饭
韩式烤牛肉拌饭+迷你炒年糕+3小菜,主食,饭,拌饭
『镇店之宝』巴西烤肉脆皮鸡双拼饭+热狗+时蔬+饮品,主食,饭,拌饭
幸福的炸鸡沙拉饭(大),主食,饭,拌饭
招牌牛肉蛋炒饭,主食,饭,炒饭
特色芝麻烤鸡饭,主食,饭,拌饭
特色蛋炒饭,主食,饭,炒饭
蒲烧鳗鱼&照烧鸡腿肉双拼饭&三样小菜,主食,饭,盖浇饭
【胶原蛋白】招牌隆江猪脚饭,主食,饭,盖浇饭
自选双拼煲仔饭（赠饮料）,主食,饭,煲仔饭
滑蛋牛肉饭,主食,饭,盖浇饭
招牌猪脚饭(去骨蹄髈肉),主食,饭,盖浇饭
照烧鸡腿饭,主食,饭,盖浇饭
一荤三素+米饭，菜品自选,主食,饭,其他饭
海鸭咸蛋黄饭团 | 进店必点【201g】,主食,饭团,
白糯米饭团,主食,饭团,
白饭团,主食,饭团,
咸饭团,主食,饭团,
招牌原味饭团（内含里脊肉）,主食,饭团,
【必点招牌】全家福饭团,主食,饭团,
黄金咸蛋流油饭团,主食,饭团,
粢饭团＋肉松＋蛋黄,主食,饭团,
咸蛋黄肉松饭团,主食,饭团,
咸蛋饭团【超人气】,主食,饭团,
里脊肉松饭团,主食,饭团,
粢饭团+肉松+蛋黄,主食,饭团,
麻团蛋黄乌蒸饭（咸蛋黄+肉松+油条,主食,饭团,
流沙咸蛋黄饭团【团团招牌，销量第①】,主食,饭团,
巨无霸 饭团,主食,饭团,
90后最爱饭团,主食,饭团,
白糯米包油条,主食,饭团,
咸蛋饭团,主食,饭团,
饭团*咸蛋黄*肉松,主食,饭团,
招牌巨肉饭团,主食,饭团,
饭团＋肉松＋蛋黄,主食,饭团,
香酥鸡排饭团,主食,饭团,
宝贝蒸饺（网红香菇猪肉）,主食,饺子,
一品蒸饺,主食,饺子,
水饺15个买一份送一份（合计2份共30个）,主食,饺子,
【新客特惠】自选三拼干捞饺子15个（现点现煮）,主食,饺子,
招牌虾仁素三鲜水饺,主食,饺子,
宝贝蒸饺(网红香菇猪肉),主食,饺子,
【大份plus】招牌三拼干捞饺子23个（2包辣椒2包醋）,主食,饺子,
饺子煌煎饺（10）,主食,饺子,
双拼水饺干捞24个,主食,饺子,
素蒸饺,主食,饺子,
饺子煌煎饺（15）,主食,饺子,
经典蒸饺,主食,饺子,
煎饺（10）,主食,饺子,
30个水饺自选（双拼各15个）＋随机小菜＋辣包醋包,主食,饺子,
单点15只蒸饺（默认“梅干菜”）,主食,饺子,
蒸饺,主食,饺子,
牛肉大葱炒饺子,主食,饺子,
自选特色水饺中份,主食,饺子,
混搭水饺18只,主食,饺子,
15只饺子（不备注默认干菜饺）,主食,饺子,
招牌鲜肉锅饺大份装,主食,饺子,
[爆款热销]自选大份饺子合集➕秘制酱料,主食,饺子,
冲销量两份饺子32个,主食,饺子,
鲜肉香蒸饺,主食,饺子,
鲜肉油饺,主食,饺子,
中份煎饺（20）,主食,饺子,
咸菜油饺,主食,饺子,
自选双拼40个水饺,主食,饺子,
梅干菜肉饺,主食,饺子,
柳叶蒸饺【招牌】,主食,饺子,
猪肉酸菜大蒸饺,主食,饺子,
特色纯手工鲜肉蒸饺,主食,饺子,
土猪肉煎饺,主食,饺子,
韭菜鸡蛋,主食,饺子,
混搭水饺30个,主食,饺子,
爆款☆皮皮虾大馅蒸饺4只【年度热销】,主食,饺子,
招牌（虾仁）素三鲜水饺,主食,饺子,
饺子一个,主食,饺子,
鲜虾饺『镇店之宝年销三百万笼』,主食,饺子,
【爆款】双拼口味自选水饺24个,主食,饺子,
钟水饺（10个） | 老成都传统味道,主食,饺子,
自选双拼(干捞20只),主食,饺子,
煎饺（菜的）,主食,饺子,
中份煎饺（20个）,主食,饺子,
自选水饺双人餐（2份）,主食,饺子,
鲜肉黄金饺（6个）,主食,饺子,
【乌拉拉同款】黏糊两掺+5荤8素砂锅面,主食,饺子,
沙县蒸饺,主食,饺子,
牛肉大蒸饺,主食,饺子,
素三鲜水饺（韭菜鸡蛋虾仁）,主食,饺子,
全家福饺子,主食,饺子,
酸菜肉水饺,主食,饺子,
鲜肉酸菜水饺,主食,饺子,
[新品热销]超大份饺子合集➕秘制蘸料,主食,饺子,
经典油条,主食,饼/囊/馍,油饼
猪肉馅饼,主食,饼/囊/馍,馅饼
油条,主食,饼/囊/馍,油饼
牛肉馅饼,主食,饼/囊/馍,馅饼
加蛋卷馍,主食,饼/囊/馍,卷饼
三串一饼,主食,饼/囊/馍,卷饼
三鲜馅饼,主食,饼/囊/馍,馅饼
4串肉筋+面筋+烤肠+2饼（包成一个卷）,主食,饼/囊/馍,卷饼
肉夹馍,主食,饼/囊/馍,夹饼/夹馍
韭菜鸡蛋馅饼,主食,饼/囊/馍,馅饼
4串肉筋+面筋+烤肠+2饼（一个卷）,主食,饼/囊/馍,卷饼
油条（记得拿）,主食,饼/囊/馍,油饼
特色卷馍,主食,饼/囊/馍,卷饼
无矾油条1根,主食,饼/囊/馍,油饼
紫薯手抓饼,主食,饼/囊/馍,手抓饼
普通肉夹馍（肥瘦/现打馍）,主食,饼/囊/馍,夹饼/夹馍
健康油条,主食,饼/囊/馍,油饼
蛋饼+里脊肉,主食,饼/囊/馍,夹饼/夹馍
奥尔良鸡腿饼,主食,饼/囊/馍,馅饼
香酥鸡烧饼,主食,饼/囊/馍,夹饼/夹馍
【招牌】烧饼夹肘子,主食,饼/囊/馍,夹饼/夹馍
现炸油条,主食,饼/囊/馍,油饼
豪华台湾手抓饼【三拼】,主食,饼/囊/馍,手抓饼
肥瘦肉夹馍,主食,饼/囊/馍,夹饼/夹馍
肥瘦潼关肉夹馍（酥脆）(猪肉),主食,饼/囊/馍,夹饼/夹馍
鸭油烧饼,主食,饼/囊/馍,火烧
胜利大卷饼（正常）,主食,饼/囊/馍,卷饼
【爆品卷饼】香嫩鸡柳千张卷饼,主食,饼/囊/馍,卷饼
五串一饼,主食,饼/囊/馍,卷饼
普通肉夹馍（现打馍）,主食,饼/囊/馍,夹饼/夹馍
牛肉盒半个,主食,饼/囊/馍,馅饼
奥尔良鸡肉饼,主食,饼/囊/馍,馅饼
招牌牛肉馅饼,主食,饼/囊/馍,馅饼
牛肉盒（半分）,主食,饼/囊/馍,馅饼
炸油条,主食,饼/囊/馍,油饼
牛肉盒（半份）,主食,饼/囊/馍,馅饼
土豆泥卷饼,主食,饼/囊/馍,卷饼
手抓饼自主搭配,主食,饼/囊/馍,手抓饼
四串一饼,主食,饼/囊/馍,卷饼
腊牛肉夹馍（普通）,主食,饼/囊/馍,夹饼/夹馍
招牌肉夹馍,主食,饼/囊/馍,夹饼/夹馍
爆款全家福月亮馍【“强烈”推荐~】,主食,饼/囊/馍,夹饼/夹馍
武大郎烧饼/微辣,主食,饼/囊/馍,火烧
肥瘦肉夹馍（含香菜，青椒不吃请备注）,主食,饼/囊/馍,夹饼/夹馍
油条（不要漏了）,主食,饼/囊/馍,油饼
牛肉圆葱馅饼,主食,饼/囊/馍,馅饼
优质肉夹馍,主食,饼/囊/馍,夹饼/夹馍
肥瘦肉夹馍（1个）,主食,饼/囊/馍,夹饼/夹馍
庆丰油条,主食,饼/囊/馍,油饼
牛奶油条（1人份）,主食,饼/囊/馍,油饼
烧饼夹肘子（肥瘦）,主食,饼/囊/馍,夹饼/夹馍
经典肉夹馍（青椒）,主食,饼/囊/馍,夹饼/夹馍
单饼,主食,饼/囊/馍,春饼
天宁火烧/个,主食,饼/囊/馍,火烧
4串肉筋+面筋+烤肠+土豆+饼（一个卷）,主食,饼/囊/馍,夹饼/夹馍
猪肉酸菜馅饼/张『酸爽开胃，好吃不油腻』,主食,饼/囊/馍,馅饼
两串一饼x2(新客推荐),主食,饼/囊/馍,卷饼
麻酱烧饼,主食,饼/囊/馍,火烧
招牌腊牛肉夹馍,主食,饼/囊/馍,夹饼/夹馍
招牌肉夹馍肥瘦肉蒜香菜青椒都有,主食,饼/囊/馍,夹饼/夹馍
香辣鱿鱼馅饼,主食,饼/囊/馍,馅饼
菜角,主食,饼/囊/馍,馅饼
疯狂肉夹馍,主食,饼/囊/馍,夹饼/夹馍
龙游小烧饼（软饼）,主食,饼/囊/馍,火烧
香酥牛肉饼,主食,饼/囊/馍,馅饼
韭菜肉馅饼,主食,饼/囊/馍,馅饼
烧饼夹里脊,主食,饼/囊/馍,夹饼/夹馍
千张卷油条（2根油条）,主食,饼/囊/馍,油饼
五花肉+烤鸭卷（中卷一样1个）,主食,饼/囊/馍,卷饼
健康香酥油条,主食,饼/囊/馍,油饼
烧饼夹坛子肉,主食,饼/囊/馍,夹饼/夹馍
【炉边人】招牌香酥鸡饼(秘制酱)一个就饱！（嗨吃❤❤❤❤）,主食,饼/囊/馍,夹饼/夹馍
油条（经典香炸）,主食,饼/囊/馍,油饼
洪福焦庄烧饼（本店不接受单点烧饼）,主食,饼/囊/馍,火烧
牛肉盒（一份）,主食,饼/囊/馍,馅饼
里脊蛋饼,主食,饼/囊/馍,夹饼/夹馍
台式火腿蛋饼,主食,饼/囊/馍,卷饼
半份牛肉盒,主食,饼/囊/馍,馅饼
武大郎 烧饼,主食,饼/囊/馍,火烧
【招牌】芝士酱鸡腿大老爹,主食,饼/囊/馍,卷饼
辣五花肉烧饼,主食,饼/囊/馍,夹饼/夹馍
卤肉卷（大号）,主食,饼/囊/馍,卷饼
熏肉大饼➕肠➕蛋➕卫龙➕肉➕土豆丝,主食,饼/囊/馍,卷饼
肉三鲜馅饼,主食,饼/囊/馍,馅饼
墨西哥牛肉卷BeefBurrito,主食,饼/囊/馍,卷饼
油馍头,主食,饼/囊/馍,油饼
腐竹流汁麻酱火锅宽粉+熏肉大饼·切+赠蜜汁鸡肉5串,主食,饼/囊/馍,卷饼
招牌肥瘦肉夹馍  <现烤馍>,主食,饼/囊/馍,夹饼/夹馍
馅饼,主食,饼/囊/馍,馅饼
高炉烧饼,主食,饼/囊/馍,火烧
鸡蛋饼-加里脊肉加王中王火腿肠,主食,饼/囊/馍,夹饼/夹馍
咸五花肉烧饼,主食,饼/囊/馍,夹饼/夹馍
招牌香酥鸡烧饼(烧饼+鸡柳+年糕),主食,饼/囊/馍,夹饼/夹馍
奶香脆皮油条,主食,饼/囊/馍,油饼
牛肉馅饼(现包现烙)皮薄馅大,主食,饼/囊/馍,馅饼
FitBee香草鸡肉小绿卷,主食,饼/囊/馍,卷饼
牛肉盒半个｜唇齿留香,主食,饼/囊/馍,馅饼
烧饼,主食,饼/囊/馍,火烧
农家放养蛋全家福,主食,饼/囊/馍,卷饼
辣卤油条,主食,饼/囊/馍,油饼
招牌里脊肉饼,主食,饼/囊/馍,夹饼/夹馍
超值墨西哥鸡肉卷,主食,饼/囊/馍,卷饼
梅菜鲜肉小烧饼【限点一个，多点不送】,主食,饼/囊/馍,馅饼
腊牛肉夹馍,主食,饼/囊/馍,夹饼/夹馍
韭菜鸡蛋饼,主食,饼/囊/馍,馅饼
熏肉大饼（切）,主食,饼/囊/馍,卷饼
大饼卷熏肉【饿了么推荐】,主食,饼/囊/馍,卷饼
★★卷饼★★《把串卷起来》,主食,饼/囊/馍,卷饼
猪肉馅饼（外卖）,主食,饼/囊/馍,馅饼
标准烧饼里脊（一肉一蛋）,主食,饼/囊/馍,夹饼/夹馍
梅干菜脆皮薄饼,主食,饼/囊/馍,馅饼
4串肉筋+面筋+烤肠+2饼（包成一个卷）,主食,饼/囊/馍,夹饼/夹馍
【人气必点】安心！无铝油条,主食,饼/囊/馍,油饼
优质肉夹馍（肥瘦/现打馍）,主食,饼/囊/馍,夹饼/夹馍
金牌必点—梅干菜肉烤饼,主食,饼/囊/馍,馅饼
坛子肉夹馍 王炸至尊,主食,饼/囊/馍,夹饼/夹馍
招牌饼局香酥鸡饼（秘制酱料）,主食,饼/囊/馍,夹饼/夹馍
手工无矾油条1根,主食,饼/囊/馍,油饼
全家福烧饼臭豆腐香肠香酥鸡烧饼,主食,饼/囊/馍,夹饼/夹馍
香酥无巩大油条,主食,饼/囊/馍,油饼
加倍牛肉【招牌嫩牛五方】我们份量很足,主食,饼/囊/馍,卷饼
5串肉筋+面筋+烤肠+2饼（包成一个卷）,主食,饼/囊/馍,卷饼
招牌卤肉,主食,饼/囊/馍,卷饼
招牌手打肉夹馍,主食,饼/囊/馍,夹饼/夹馍
招牌鸡蛋饼,主食,饼/囊/馍,卷饼
烙馍卷小面筋,主食,饼/囊/馍,卷饼
片皮烤鸭卷（2个中卷）,主食,饼/囊/馍,卷饼
古法坛子肉夹馍(肥瘦相间),主食,饼/囊/馍,夹饼/夹馍
油酥烧饼,主食,饼/囊/馍,火烧
蛋饼先生+双蛋+里脊肉,主食,饼/囊/馍,卷饼
招牌卤肉+煎蛋,主食,饼/囊/馍,卷饼
精瘦肉夹馍（纯瘦/现打馍）,主食,饼/囊/馍,夹饼/夹馍
韭菜盒子,主食,饼/囊/馍,馅饼
韭菜鸡蛋肉盒子（不加一滴油干烙的）1个,主食,饼/囊/馍,馅饼
饼+蔬菜+面筋泡灌鸡蛋,主食,饼/囊/馍,卷饼
【现炸】饼加里脊,主食,饼/囊/馍,夹饼/夹馍
猪肉酸菜馅饼,主食,饼/囊/馍,馅饼
老上海无明矾油条,主食,饼/囊/馍,油饼
牛肉盒半份｜唇齿留香,主食,饼/囊/馍,馅饼
油煎猪肉大葱火烧,主食,饼/囊/馍,火烧
油条（特色大果子）（宠粉点收藏❤）,主食,饼/囊/馍,油饼
【招牌】营养脆皮大油条,主食,饼/囊/馍,油饼
猪肉大葱馅饼,主食,饼/囊/馍,馅饼
无矾油条,主食,饼/囊/馍,油饼
招牌里脊扒饼肉加满,主食,饼/囊/馍,夹饼/夹馍
【网红同款】杠子油条灌鸡蛋,主食,饼/囊/馍,油饼
饼卷馓子加鸡蛋,主食,饼/囊/馍,卷饼
脆皮肉夹馍【热销】,主食,饼/囊/馍,夹饼/夹馍
青萝卜丝饼,主食,饼/囊/馍,馅饼
金牌老潼关肉夹馍（肥瘦）,主食,饼/囊/馍,夹饼/夹馍
西安特色普通肉夹馍,主食,饼/囊/馍,夹饼/夹馍
豪华烧饼夹纯羊肉串（6串）,主食,饼/囊/馍,夹饼/夹馍
（100%顾客买）现做烧饼+2里脊+鸡蛋,主食,饼/囊/馍,夹饼/夹馍
牛肉盒（半个）,主食,饼/囊/馍,馅饼
对门油条,主食,饼/囊/馍,油饼
招牌香酥鸡柳饼-本店必点NO.1,主食,饼/囊/馍,馅饼
小葱饼,主食,饼/囊/馍,馅饼
营养脆皮大油条,主食,饼/囊/馍,油饼
☀️现烤肉夹馍/个,主食,饼/囊/馍,夹饼/夹馍
【招牌】无铝油条,主食,饼/囊/馍,油饼
烤鸭单人份 鸭架 春饼 葱丝黄瓜 鸭酱,主食,饼/囊/馍,春饼
烤饼夹牛肉串,主食,饼/囊/馍,夹饼/夹馍
杠子油条灌鸡蛋（网红同款）,主食,饼/囊/馍,油饼
无铝油条,主食,饼/囊/馍,油饼
断货之王香甜软糯油条糍粑（1根）,主食,饼/囊/馍,油饼
葱油咸烧饼,主食,饼/囊/馍,火烧
扁食,主食,馄饨,
加肉柴爿馄饨（多肉版）,主食,馄饨,
鲜肉小馄饨,主食,馄饨,
鲜肉小馄饨（镇店之宝）,主食,馄饨,
鸡汤小馄饨,主食,馄饨,
千里香云吞,主食,馄饨,
爽口云吞,主食,馄饨,
吴再添扁食汤,主食,馄饨,
【披着云吞皮的】猪肉小葱馄饨,主食,馄饨,
【招牌】加肉柴爿馄饨（多肉版）,主食,馄饨,
清汤馄饨,主食,馄饨,
手工鲜肉野馄饨,主食,馄饨,
鲜肉小馄饨（个个现包),主食,馄饨,
古法小馄饨20只【掌柜推荐】,主食,馄饨,
鲜肉小馄饨（20只）,主食,馄饨,
鲜肉小馄饨18只,主食,馄饨,
燕皮扁食汤,主食,馄饨,
云吞,主食,馄饨,
鲜肉小馄饨（大份）,主食,馄饨,
全肉小馄饨,主食,馄饨,
猪肉馅馄饨,主食,馄饨,
手工馄炖,主食,馄饨,
扁肉  扁食,主食,馄饨,
温州敲邦馄饨,主食,馄饨,
虾仁馄饨(大碗18粒),主食,馄饨,
砂锅云吞,主食,馄饨,
扁肉.,主食,馄饨,
扁肉,主食,馄饨,
鲜肉小馄饨（30只）,主食,馄饨,
⭐经典单人土鸡炒馍⭐→【好吃量也大】,主食,馒头,
馒头（两个）,主食,馒头,
海绵馒头,主食,馒头,
馒头,主食,馒头,
豆沙夹心馒头,主食,馒头,
甜香馒头,主食,馒头,
